,chain,resid,resname,atom_type,coords,sasa
0,E,85,ALA,N,[ -4.352 -32.786  10.675],0.0
1,E,85,ALA,CA,[ -3.315 -32.232  11.533],0.0
2,E,85,ALA,C,[ -2.723 -30.999  10.871],0.0
3,E,85,ALA,O,[ -1.918 -31.114   9.943],5.36
4,E,85,ALA,CB,[ -2.238 -33.278  11.794],7.25
5,E,85,ALA,H,[ -4.122 -33.499  10.252],5.1
6,E,85,ALA,HA,[ -3.699 -31.977  12.386],0.0
7,E,85,ALA,HB1,[ -1.552 -32.9    12.366],11.04
8,E,85,ALA,HB2,[ -2.634 -34.049  12.23 ],12.74
9,E,85,ALA,HB3,[ -1.842 -33.552  10.952],7.65
10,E,86,GLY,N,[ -3.118 -29.819  11.336],0.0
11,E,86,GLY,CA,[ -2.583 -28.582  10.822],0.0
12,E,86,GLY,C,[ -1.452 -28.058  11.678],0.0
13,E,86,GLY,O,[ -1.269 -28.475  12.816],0.0
14,E,86,GLY,H,[ -3.704 -29.721  11.958],0.0
15,E,86,GLY,HA2,[ -2.265 -28.719   9.916],0.0
16,E,86,GLY,HA3,[ -3.289 -27.918  10.778],0.0
17,E,87,SER,N,[ -0.688 -27.129  11.112],0.0
18,E,87,SER,CA,[  0.458 -26.566  11.806],0.0
19,E,87,SER,C,[  0.801 -25.215  11.208],0.0
20,E,87,SER,O,[  0.378 -24.881  10.1  ],0.0
21,E,87,SER,CB,[  1.676 -27.484  11.723],3.62
22,E,87,SER,OG,[  2.795 -26.857  12.317],0.0
23,E,87,SER,H,[ -0.819 -26.812  10.323],0.0
24,E,87,SER,HA,[  0.221 -26.467  12.741],0.0
25,E,87,SER,HB2,[  1.489 -28.323  12.173],10.19
26,E,87,SER,HB3,[  1.868 -27.696  10.796],3.4
27,E,87,SER,HG,[  2.987 -27.248  13.035],3.4
28,E,90,ALA,N,[  6.277 -24.966  11.833],0.0
29,E,90,ALA,CA,[  6.851 -26.054  12.61 ],0.0
30,E,90,ALA,C,[  8.337 -26.178  12.308],0.0
31,E,90,ALA,O,[  8.727 -26.527  11.191],0.0
32,E,90,ALA,CB,[  6.129 -27.361  12.303],7.25
33,E,90,ALA,H,[  5.738 -25.217  11.212],0.0
34,E,90,ALA,HA,[  6.741 -25.861  13.554],0.0
35,E,90,ALA,HB1,[  6.52  -28.078  12.826],11.89
36,E,90,ALA,HB2,[  5.19  -27.273  12.528],0.0
37,E,90,ALA,HB3,[  6.217 -27.565  11.359],3.4
38,E,92,THR,N,[ 11.859 -28.001  12.879],0.0
39,E,92,THR,CA,[ 12.451 -29.26   13.299],0.0
40,E,92,THR,C,[ 13.821 -29.424  12.669],0.0
41,E,92,THR,O,[ 14.07  -28.963  11.556],0.0
42,E,92,THR,CB,[ 11.559 -30.457  12.967],0.0
43,E,92,THR,OG1,[ 12.29  -31.67   13.176],1.07
44,E,92,THR,CG2,[ 11.015 -30.383  11.588],2.42
45,E,92,THR,H,[ 12.038 -27.775  12.069],0.0
46,E,92,THR,HA,[ 12.543 -29.234  14.264],0.0
47,E,92,THR,HB,[ 10.794 -30.441  13.563],4.25
48,E,92,THR,HG1,[ 11.8   -32.328  12.995],7.65
49,E,92,THR,HG21,[ 10.457 -31.158  11.418],16.14
50,E,92,THR,HG22,[ 10.485 -29.576  11.492],0.85
51,E,92,THR,HG23,[ 11.747 -30.367  10.952],0.0
52,E,95,VAL,N,[ 15.161 -36.025  11.75 ],0.0
53,E,95,VAL,CA,[ 14.551 -37.234  12.293],0.0
54,E,95,VAL,C,[ 15.412 -38.412  11.857],0.0
55,E,95,VAL,O,[ 15.596 -38.633  10.655],0.0
56,E,95,VAL,CB,[ 13.099 -37.441  11.816],0.0
57,E,95,VAL,CG1,[ 12.616 -38.822  12.192],1.21
58,E,95,VAL,CG2,[ 12.152 -36.423  12.419],3.62
59,E,95,VAL,H,[ 15.467 -36.127  10.953],0.0
60,E,95,VAL,HA,[ 14.509 -37.155  13.259],0.0
61,E,95,VAL,HB,[ 13.102 -37.332  10.852],0.0
62,E,95,VAL,HG11,[ 11.703 -38.94   11.887],10.19
63,E,95,VAL,HG12,[ 13.184 -39.488  11.775],0.0
64,E,95,VAL,HG13,[ 12.65  -38.926  13.156],0.0
65,E,95,VAL,HG21,[ 11.252 -36.586  12.096],19.54
66,E,95,VAL,HG22,[ 12.167 -36.5    13.386],0.85
67,E,95,VAL,HG23,[ 12.43  -35.53   12.162],1.7
68,E,97,LYS,N,[ 15.844 -42.697  12.41 ],0.0
69,E,97,LYS,CA,[ 15.213 -43.917  12.895],0.0
70,E,97,LYS,C,[ 16.083 -45.129  12.582],20.53
71,E,97,LYS,O,[ 17.253 -44.99   12.229],28.93
72,E,97,LYS,CB,[ 13.822 -44.099  12.284],1.21
73,E,97,LYS,CG,[ 12.764 -43.147  12.809],0.0
74,E,97,LYS,CD,[ 11.415 -43.41   12.184],1.21
75,E,97,LYS,CE,[ 10.383 -42.431  12.7  ],1.21
76,E,97,LYS,NZ,[  9.049 -42.669  12.093],2.19
77,E,97,LYS,H,[ 16.213 -42.77   11.637],0.0
78,E,97,LYS,HA,[ 15.116 -43.839  13.857],0.0
79,E,97,LYS,HB2,[ 13.889 -43.989  11.323],0.85
80,E,97,LYS,HB3,[ 13.528 -45.009  12.446],13.59
81,E,97,LYS,HG2,[ 12.697 -43.237  13.773],0.0
82,E,97,LYS,HG3,[ 13.032 -42.233  12.627],0.0
83,E,97,LYS,HD2,[ 11.481 -43.338  11.219],0.85
84,E,97,LYS,HD3,[ 11.134 -44.317  12.382],13.59
85,E,97,LYS,HE2,[ 10.318 -42.507  13.665],0.85
86,E,97,LYS,HE3,[ 10.67  -41.525  12.506],1.7
87,E,97,LYS,HZ1,[  8.466 -42.079  12.416],22.09
88,E,97,LYS,HZ2,[  9.104 -42.578  11.209],7.65
89,E,97,LYS,HZ3,[  8.776 -43.493  12.289],22.09
90,A,85,ALA,N,[ -3.238 -33.008   1.053],1.09
91,A,85,ALA,CA,[ -2.22  -32.419   1.91 ],0.0
92,A,85,ALA,C,[ -1.669 -31.168   1.246],0.0
93,A,85,ALA,O,[ -0.861 -31.258   0.318],31.07
94,A,85,ALA,CB,[ -1.109 -33.428   2.172],7.25
95,A,85,ALA,H,[ -2.984 -33.713   0.631],11.89
96,A,85,ALA,HA,[ -2.612 -32.175   2.763],0.0
97,A,85,ALA,HB1,[ -0.436 -33.027   2.744],11.04
98,A,85,ALA,HB2,[ -1.479 -34.211   2.609],13.59
99,A,85,ALA,HB3,[ -0.704 -33.689   1.33 ],16.14
100,A,86,GLY,N,[ -2.103 -30.001   1.709],0.0
101,A,86,GLY,CA,[ -1.61  -28.747   1.193],0.0
102,A,86,GLY,C,[ -0.498 -28.185   2.049],0.0
103,A,86,GLY,O,[ -0.3   -28.594   3.187],1.07
104,A,86,GLY,H,[ -2.691 -29.921   2.331],0.0
105,A,86,GLY,HA2,[ -1.288 -28.875   0.287],12.74
106,A,86,GLY,HA3,[ -2.338 -28.107   1.148],0.0
107,A,87,SER,N,[  0.235 -27.232   1.481],0.0
108,A,87,SER,CA,[  1.362 -26.63    2.174],0.0
109,A,87,SER,C,[  1.66  -25.269   1.575],0.0
110,A,87,SER,O,[  1.226 -24.951   0.467],19.29
111,A,87,SER,CB,[  2.61  -27.506   2.093],3.62
112,A,87,SER,OG,[  3.708 -26.842   2.686],0.0
113,A,87,SER,H,[  0.093 -26.921   0.692],4.25
114,A,87,SER,HA,[  1.121 -26.539   3.109],0.0
115,A,87,SER,HB2,[  2.451 -28.35    2.544],11.89
116,A,87,SER,HB3,[  2.81  -27.712   1.166],17.84
117,A,87,SER,HG,[  3.826 -27.136   3.464],2.55
118,A,90,ALA,N,[  7.124 -24.837   2.2  ],0.0
119,A,90,ALA,CA,[  7.735 -25.904   2.979],0.0
120,A,90,ALA,C,[  9.223 -25.978   2.677],0.0
121,A,90,ALA,O,[  9.625 -26.316   1.56 ],21.43
122,A,90,ALA,CB,[  7.056 -27.235   2.674],7.25
123,A,90,ALA,H,[  6.593 -25.107   1.58 ],5.95
124,A,90,ALA,HA,[  7.62  -25.714   3.923],0.0
125,A,90,ALA,HB1,[  7.471 -27.938   3.198],11.89
126,A,90,ALA,HB2,[  6.114 -27.177   2.899],0.0
127,A,90,ALA,HB3,[  7.15  -27.438   1.73 ],15.29
128,A,92,THR,N,[ 12.805 -27.682   3.251],0.0
129,A,92,THR,CA,[ 13.438 -28.92    3.673],0.0
130,A,92,THR,C,[ 14.813 -29.039   3.043],0.0
131,A,92,THR,O,[ 15.047 -28.571   1.929],8.57
132,A,92,THR,CB,[ 12.586 -30.146   3.342],0.0
133,A,92,THR,OG1,[ 13.358 -31.335   3.553],1.07
134,A,92,THR,CG2,[ 12.041 -30.093   1.963],12.08
135,A,92,THR,H,[ 12.977 -27.452   2.44 ],2.55
136,A,92,THR,HA,[ 13.529 -28.891   4.638],0.0
137,A,92,THR,HB,[ 11.82  -30.154   3.937],5.1
138,A,92,THR,HG1,[ 12.89  -32.009   3.373],5.95
139,A,92,THR,HG21,[ 11.509 -30.886   1.794],21.24
140,A,92,THR,HG22,[ 11.485 -29.304   1.865],4.25
141,A,92,THR,HG23,[ 12.772 -30.054   1.327],12.74
142,A,95,VAL,N,[ 16.373 -35.593   2.133],0.0
143,A,95,VAL,CA,[ 15.803 -36.821   2.678],0.0
144,A,95,VAL,C,[ 16.703 -37.971   2.244],0.0
145,A,95,VAL,O,[ 16.894 -38.186   1.042],24.64
146,A,95,VAL,CB,[ 14.359 -37.077   2.201],0.0
147,A,95,VAL,CG1,[ 13.922 -38.473   2.579],2.42
148,A,95,VAL,CG2,[ 13.378 -36.09    2.803],4.83
149,A,95,VAL,H,[ 16.683 -35.686   1.336],5.1
150,A,95,VAL,HA,[ 15.758 -36.742   3.644],0.0
151,A,95,VAL,HB,[ 14.359 -36.969   1.237],14.44
152,A,95,VAL,HG11,[ 13.013 -38.622   2.274],11.04
153,A,95,VAL,HG12,[ 14.512 -39.121   2.163],2.55
154,A,95,VAL,HG13,[ 13.96  -38.574   3.543],0.0
155,A,95,VAL,HG21,[ 12.484 -36.284   2.48 ],20.39
156,A,95,VAL,HG22,[ 13.395 -36.165   3.77 ],0.0
157,A,95,VAL,HG23,[ 13.626 -35.188   2.545],4.25
158,A,97,LYS,N,[ 17.277 -42.238   2.803],1.09
159,A,97,LYS,CA,[ 16.688 -43.477   3.289],0.0
160,A,97,LYS,C,[ 17.597 -44.66    2.978],24.15
161,A,97,LYS,O,[ 18.762 -44.483   2.625],36.43
162,A,97,LYS,CB,[ 15.304 -43.707   2.678],1.21
163,A,97,LYS,CG,[ 14.215 -42.79    3.202],0.0
164,A,97,LYS,CD,[ 12.875 -43.099   2.577],2.42
165,A,97,LYS,CE,[ 11.811 -42.154   3.092],1.21
166,A,97,LYS,NZ,[ 10.486 -42.437   2.485],2.19
167,A,97,LYS,H,[ 17.648 -42.3     2.03 ],8.49
168,A,97,LYS,HA,[ 16.589 -43.4     4.251],0.0
169,A,97,LYS,HB2,[ 15.367 -43.597   1.716],13.59
170,A,97,LYS,HB3,[ 15.041 -44.626   2.841],13.59
171,A,97,LYS,HG2,[ 14.151 -42.881   4.166],0.0
172,A,97,LYS,HG3,[ 14.453 -41.868   3.019],0.0
173,A,97,LYS,HD2,[ 12.939 -43.026   1.612],13.59
174,A,97,LYS,HD3,[ 12.624 -44.015   2.776],13.59
175,A,97,LYS,HE2,[ 11.749 -42.231   4.057],0.85
176,A,97,LYS,HE3,[ 12.068 -41.239   2.897],2.55
177,A,97,LYS,HZ1,[  9.884 -41.866   2.807],22.09
178,A,97,LYS,HZ2,[ 10.538 -42.345   1.601],22.94
179,A,97,LYS,HZ3,[ 10.241 -43.269   2.682],22.09
180,C,85,ALA,N,[ -3.772 -32.941   5.9  ],0.0
181,C,85,ALA,CA,[ -2.744 -32.368   6.756],0.0
182,C,85,ALA,C,[ -2.174 -31.126   6.092],0.0
183,C,85,ALA,O,[ -1.368 -31.228   5.164],5.36
184,C,85,ALA,CB,[ -1.649 -33.395   7.017],7.25
185,C,85,ALA,H,[ -3.53  -33.651   5.479],5.95
186,C,85,ALA,HA,[ -3.131 -32.118   7.609],0.0
187,C,85,ALA,HB1,[ -0.969 -33.005   7.588],11.04
188,C,85,ALA,HB2,[ -2.031 -34.172   7.455],13.59
189,C,85,ALA,HB3,[ -1.249 -33.663   6.175],8.49
190,C,86,GLY,N,[ -2.589 -29.953   6.557],0.0
191,C,86,GLY,CA,[ -2.077 -28.706   6.041],0.0
192,C,86,GLY,C,[ -0.955 -28.162   6.896],0.0
193,C,86,GLY,O,[ -0.763 -28.575   8.034],1.07
194,C,86,GLY,H,[ -3.175 -29.865   7.18 ],0.0
195,C,86,GLY,HA2,[ -1.758 -28.838   5.135],0.0
196,C,86,GLY,HA3,[ -2.795 -28.055   5.997],0.0
197,C,87,SER,N,[ -0.207 -27.22    6.328],0.0
198,C,87,SER,CA,[  0.93  -26.637   7.021],0.0
199,C,87,SER,C,[  1.248 -25.28    6.422],0.0
200,C,87,SER,O,[  0.818 -24.955   5.314],0.0
201,C,87,SER,CB,[  2.163 -27.532   6.938],3.62
202,C,87,SER,OG,[  3.272 -26.885   7.531],0.0
203,C,87,SER,H,[ -0.344 -26.906   5.539],0.0
204,C,87,SER,HA,[  0.692 -26.543   7.957],0.0
205,C,87,SER,HB2,[  1.992 -28.374   7.388],11.89
206,C,87,SER,HB3,[  2.359 -27.741   6.011],3.4
207,C,87,SER,HG,[  3.471 -27.272   8.249],2.55
208,C,90,ALA,N,[  6.719 -24.934   7.043],0.0
209,C,90,ALA,CA,[  7.313 -26.011   7.821],0.0
210,C,90,ALA,C,[  8.8   -26.109   7.518],0.0
211,C,90,ALA,O,[  9.196 -26.452   6.4  ],0.0
212,C,90,ALA,CB,[  6.614 -27.331   7.515],6.04
213,C,90,ALA,H,[  6.184 -25.196   6.423],0.0
214,C,90,ALA,HA,[  7.201 -25.819   8.765],0.0
215,C,90,ALA,HB1,[  7.018 -28.04    8.039],11.89
216,C,90,ALA,HB2,[  5.673 -27.259   7.74 ],0.0
217,C,90,ALA,HB3,[  6.705 -27.535   6.571],4.25
218,C,92,THR,N,[ 12.355 -27.869   8.088],0.0
219,C,92,THR,CA,[ 12.969 -29.117   8.509],0.0
220,C,92,THR,C,[ 14.341 -29.257   7.878],0.0
221,C,92,THR,O,[ 14.581 -28.793   6.764],0.0
222,C,92,THR,CB,[ 12.097 -30.33    8.178],0.0
223,C,92,THR,OG1,[ 12.85  -31.53    8.388],0.0
224,C,92,THR,CG2,[ 11.552 -30.267   6.799],2.42
225,C,92,THR,H,[ 12.529 -27.641   7.277],0.0
226,C,92,THR,HA,[ 13.061 -29.09    9.474],0.0
227,C,92,THR,HB,[ 11.331 -30.327   8.773],5.1
228,C,92,THR,HG1,[ 12.371 -32.196   8.208],6.8
229,C,92,THR,HG21,[ 11.007 -31.052   6.63 ],17.84
230,C,92,THR,HG22,[ 11.009 -29.469   6.702],1.7
231,C,92,THR,HG23,[ 12.284 -30.239   6.163],0.0
232,C,95,VAL,N,[ 15.797 -35.835   6.964],0.0
233,C,95,VAL,CA,[ 15.208 -37.054   7.509],0.0
234,C,95,VAL,C,[ 16.09  -38.218   7.073],0.0
235,C,95,VAL,O,[ 16.276 -38.436   5.871],0.0
236,C,95,VAL,CB,[ 13.76  -37.287   7.033],0.0
237,C,95,VAL,CG1,[ 13.301 -38.676   7.41 ],1.21
238,C,95,VAL,CG2,[ 12.795 -36.285   7.636],3.62
239,C,95,VAL,H,[ 16.104 -35.932   6.167],0.0
240,C,95,VAL,HA,[ 15.165 -36.975   8.475],0.0
241,C,95,VAL,HB,[ 13.761 -37.179   6.069],0.0
242,C,95,VAL,HG11,[ 12.39  -38.81    7.105],9.34
243,C,95,VAL,HG12,[ 13.881 -39.333   6.993],0.0
244,C,95,VAL,HG13,[ 13.337 -38.779   8.374],0.0
245,C,95,VAL,HG21,[ 11.898 -36.465   7.313],18.69
246,C,95,VAL,HG22,[ 12.811 -36.361   8.603],0.0
247,C,95,VAL,HG23,[ 13.057 -35.387   7.378],2.55
248,C,97,LYS,N,[ 16.597 -42.493   7.63 ],0.0
249,C,97,LYS,CA,[ 15.989 -43.724   8.116],0.0
250,C,97,LYS,C,[ 16.879 -44.92    7.804],20.53
251,C,97,LYS,O,[ 18.046 -44.762   7.45 ],28.93
252,C,97,LYS,CB,[ 14.601 -43.931   7.506],1.21
253,C,97,LYS,CG,[ 13.526 -42.997   8.032],0.0
254,C,97,LYS,CD,[ 12.181 -43.285   7.407],2.42
255,C,97,LYS,CE,[ 11.133 -42.323   7.923],1.21
256,C,97,LYS,NZ,[  9.803 -42.585   7.318],2.19
257,C,97,LYS,H,[ 16.967 -42.56    6.857],0.0
258,C,97,LYS,HA,[ 15.892 -43.647   9.078],0.0
259,C,97,LYS,HB2,[ 14.665 -43.821   6.544],0.85
260,C,97,LYS,HB3,[ 14.324 -44.846   7.669],12.74
261,C,97,LYS,HG2,[ 13.461 -43.088   8.996],0.0
262,C,97,LYS,HG3,[ 13.778 -42.078   7.85 ],0.0
263,C,97,LYS,HD2,[ 12.246 -43.212   6.442],0.85
264,C,97,LYS,HD3,[ 11.916 -44.197   7.606],13.59
265,C,97,LYS,HE2,[ 11.071 -42.399   8.888],0.85
266,C,97,LYS,HE3,[ 11.404 -41.413   7.727],1.7
267,C,97,LYS,HZ1,[  9.21  -42.005   7.641],22.09
268,C,97,LYS,HZ2,[  9.856 -42.494   6.434],9.34
269,C,97,LYS,HZ3,[  9.545 -43.413   7.516],21.24
270,G,85,ALA,N,[ -4.799 -32.818  15.523],0.0
271,G,85,ALA,CA,[ -3.757 -32.277  16.384],0.0
272,G,85,ALA,C,[ -3.15  -31.051  15.724],0.0
273,G,85,ALA,O,[ -2.345 -31.174  14.797],6.43
274,G,85,ALA,CB,[ -2.693 -33.336  16.645],7.25
275,G,85,ALA,H,[ -4.576 -33.533  15.1  ],5.1
276,G,85,ALA,HA,[ -4.139 -32.018  17.237],0.0
277,G,85,ALA,HB1,[ -2.003 -32.967  17.219],10.19
278,G,85,ALA,HB2,[ -3.099 -34.103  17.079],13.59
279,G,85,ALA,HB3,[ -2.299 -33.613  15.803],8.49
280,G,86,GLY,N,[ -3.532 -29.867  16.19 ],0.0
281,G,86,GLY,CA,[ -2.982 -28.635  15.678],0.0
282,G,86,GLY,C,[ -1.847 -28.125  16.537],0.0
283,G,86,GLY,O,[ -1.671 -28.546  17.674],1.07
284,G,86,GLY,H,[ -4.117 -29.763  16.811],0.0
285,G,86,GLY,HA2,[ -2.664 -28.775  14.772],0.0
286,G,86,GLY,HA3,[ -3.68  -27.963  15.633],0.0
287,G,87,SER,N,[ -1.071 -27.204  15.973],0.0
288,G,87,SER,CA,[  0.08  -26.656  16.67 ],0.0
289,G,87,SER,C,[  0.44  -25.308  16.074],0.0
290,G,87,SER,O,[ 2.2000e-02 -2.4968e+01  1.4966e+01],0.0
291,G,87,SER,CB,[  1.288 -27.587  16.589],3.62
292,G,87,SER,OG,[  2.413 -26.973  17.185],1.07
293,G,87,SER,H,[ -1.197 -26.884  15.185],0.0
294,G,87,SER,HA,[ -0.158 -26.557  17.605],0.0
295,G,87,SER,HB2,[  1.091 -28.424  17.038],10.19
296,G,87,SER,HB3,[  1.48  -27.8    15.662],3.4
297,G,87,SER,HG,[  2.517 -27.273  17.963],2.55
298,G,90,ALA,N,[  5.917 -25.122  16.71 ],0.0
299,G,90,ALA,CA,[  6.477 -26.217  17.487],0.0
300,G,90,ALA,C,[  7.962 -26.358  17.188],0.0
301,G,90,ALA,O,[  8.35  -26.71   16.071],0.0
302,G,90,ALA,CB,[  5.74  -27.516  17.177],7.25
303,G,90,ALA,H,[  5.376 -25.367  16.088],0.0
304,G,90,ALA,HA,[  6.368 -26.023  18.431],0.0
305,G,90,ALA,HB1,[  6.122 -28.238  17.7  ],11.89
306,G,90,ALA,HB2,[  4.801 -27.417  17.4  ],0.0
307,G,90,ALA,HB3,[  5.827 -27.721  16.233],3.4
308,G,92,THR,N,[ 11.462 -28.222  17.763],0.0
309,G,92,THR,CA,[ 12.038 -29.488  18.183],0.0
310,G,92,THR,C,[ 13.407 -29.667  17.555],0.0
311,G,92,THR,O,[ 13.664 -29.207  16.443],0.0
312,G,92,THR,CB,[ 11.133 -30.674  17.847],0.0
313,G,92,THR,OG1,[ 11.85  -31.896  18.057],1.07
314,G,92,THR,CG2,[ 10.593 -30.593  16.468],2.42
315,G,92,THR,H,[ 11.645 -27.998  16.953],0.0
316,G,92,THR,HA,[ 12.128 -29.465  19.149],0.0
317,G,92,THR,HB,[ 10.366 -30.65   18.44 ],3.4
318,G,92,THR,HG1,[ 11.353 -32.548  17.874],6.8
319,G,92,THR,HG21,[ 10.026 -31.361  16.296],16.14
320,G,92,THR,HG22,[ 10.073 -29.78   16.371],1.7
321,G,92,THR,HG23,[ 11.326 -30.584  15.833],0.0
322,G,95,VAL,N,[ 14.674 -36.282  16.631],0.0
323,G,95,VAL,CA,[ 14.049 -37.485  17.172],0.0
324,G,95,VAL,C,[ 14.898 -38.672  16.736],0.0
325,G,95,VAL,O,[ 15.081 -38.893  15.534],0.0
326,G,95,VAL,CB,[ 12.596 -37.674  16.692],0.0
327,G,95,VAL,CG1,[ 12.096 -39.05   17.065],0.0
328,G,95,VAL,CG2,[ 11.659 -36.646  17.295],2.42
329,G,95,VAL,H,[ 14.98  -36.386  15.834],0.0
330,G,95,VAL,HA,[ 14.006 -37.407  18.138],0.0
331,G,95,VAL,HB,[ 12.603 -37.563  15.728],0.0
332,G,95,VAL,HG11,[ 11.182 -39.157  16.758],9.34
333,G,95,VAL,HG12,[ 12.657 -39.722  16.648],0.0
334,G,95,VAL,HG13,[ 12.127 -39.156  18.029],0.0
335,G,95,VAL,HG21,[ 10.758 -36.799  16.969],18.69
336,G,95,VAL,HG22,[ 11.671 -36.725  18.262],0.0
337,G,95,VAL,HG23,[ 11.948 -35.756  17.04 ],2.55
338,G,97,LYS,N,[ 15.279 -42.962  17.285],0.0
339,G,97,LYS,CA,[ 14.634 -44.175  17.767],0.0
340,G,97,LYS,C,[ 15.49  -45.396  17.454],20.53
341,G,97,LYS,O,[ 16.662 -45.271  17.104],31.07
342,G,97,LYS,CB,[ 13.242 -44.341  17.154],1.21
343,G,97,LYS,CG,[ 12.194 -43.377  17.678],0.0
344,G,97,LYS,CD,[ 10.843 -43.624  17.049],1.21
345,G,97,LYS,CE,[  9.822 -42.634  17.565],1.21
346,G,97,LYS,NZ,[  8.486 -42.856  16.955],2.19
347,G,97,LYS,H,[ 15.649 -43.039  16.512],0.0
348,G,97,LYS,HA,[ 14.536 -44.096  18.729],0.0
349,G,97,LYS,HB2,[ 13.311 -44.232  16.193],1.7
350,G,97,LYS,HB3,[ 12.938 -45.248  17.315],12.74
351,G,97,LYS,HG2,[ 12.124 -43.467  18.641],0.0
352,G,97,LYS,HG3,[ 12.473 -42.466  17.498],0.0
353,G,97,LYS,HD2,[ 10.912 -43.551  16.084],0.85
354,G,97,LYS,HD3,[ 10.551 -44.528  17.244],11.89
355,G,97,LYS,HE2,[  9.755 -42.711  18.53 ],0.85
356,G,97,LYS,HE3,[ 10.12  -41.731  17.373],1.7
357,G,97,LYS,HZ1,[  7.909 -42.26   17.278],22.94
358,G,97,LYS,HZ2,[  8.544 -42.764  16.072],8.49
359,G,97,LYS,HZ3,[  8.203 -43.677  17.15 ],19.54
360,I,85,ALA,N,[ -5.456 -32.704  20.288],0.0
361,I,85,ALA,CA,[ -4.401 -32.185  21.146],0.0
362,I,85,ALA,C,[ -3.769 -30.972  20.484],0.0
363,I,85,ALA,O,[ -2.968 -31.114  19.556],5.36
364,I,85,ALA,CB,[ -3.359 -33.266  21.406],9.66
365,I,85,ALA,H,[ -5.25  -33.424  19.865],5.1
366,I,85,ALA,HA,[ -4.776 -31.917  22.   ],11.04
367,I,85,ALA,HB1,[ -2.66  -32.911  21.978],19.54
368,I,85,ALA,HB2,[ -3.78  -34.023  21.842],22.09
369,I,85,ALA,HB3,[ -2.972 -33.552  20.564],8.49
370,I,86,GLY,N,[ -4.124 -29.781  20.95 ],0.0
371,I,86,GLY,CA,[ -3.55  -28.561  20.436],0.0
372,I,86,GLY,C,[ -2.402 -28.075  21.293],0.0
373,I,86,GLY,O,[ -2.233 -28.499  22.43 ],24.64
374,I,86,GLY,H,[ -4.705 -29.664  21.573],3.4
375,I,86,GLY,HA2,[ -3.237 -28.708  19.53 ],0.0
376,I,86,GLY,HA3,[ -4.234 -27.875  20.393],0.0
377,I,87,SER,N,[ -1.608 -27.171  20.727],0.0
378,I,87,SER,CA,[ -0.444 -26.647  21.421],0.0
379,I,87,SER,C,[ -0.057 -25.307  20.824],0.0
380,I,87,SER,O,[ -0.469 -24.959  19.717],0.0
381,I,87,SER,CB,[  0.743 -27.603  21.338],3.62
382,I,87,SER,OG,[  1.882 -27.013  21.932],0.0
383,I,87,SER,H,[ -1.729 -26.849  19.939],0.0
384,I,87,SER,HA,[ -0.678 -26.542  22.356],10.19
385,I,87,SER,HB2,[  0.529 -28.436  21.787],12.74
386,I,87,SER,HB3,[  0.928 -27.821  20.411],3.4
387,I,87,SER,HG,[  2.061 -27.41   22.65 ],16.14
388,I,90,ALA,N,[  5.424 -25.238  21.448],0.0
389,I,90,ALA,CA,[  5.963 -26.344  22.225],0.0
390,I,90,ALA,C,[  7.443 -26.516  21.923],0.0
391,I,90,ALA,O,[  7.821 -26.878  20.805],0.0
392,I,90,ALA,CB,[  5.198 -27.627  21.917],8.45
393,I,90,ALA,H,[  4.877 -25.471  20.827],0.0
394,I,90,ALA,HA,[  5.86  -26.148  23.169],9.34
395,I,90,ALA,HB1,[  5.566 -28.357  22.44 ],16.99
396,I,90,ALA,HB2,[  4.262 -27.508  22.142],0.85
397,I,90,ALA,HB3,[  5.279 -27.834  20.973],4.25
398,I,92,THR,N,[ 10.904 -28.454  22.492],1.09
399,I,92,THR,CA,[ 11.454 -29.732  22.911],0.0
400,I,92,THR,C,[ 12.818 -29.94   22.281],3.62
401,I,92,THR,O,[ 13.082 -29.487  21.167],4.29
402,I,92,THR,CB,[ 10.523 -30.899  22.578],0.0
403,I,92,THR,OG1,[ 11.215 -32.136  22.787],8.57
404,I,92,THR,CG2,[  9.982 -30.807  21.199],3.62
405,I,92,THR,H,[ 11.09  -28.234  21.682],0.85
406,I,92,THR,HA,[ 11.546 -29.71   23.876],6.8
407,I,92,THR,HB,[  9.758 -30.859  23.173],12.74
408,I,92,THR,HG1,[ 10.704 -32.777  22.606],7.65
409,I,92,THR,HG21,[  9.399 -31.563  21.029],16.14
410,I,92,THR,HG22,[  9.479 -29.983  21.103],0.85
411,I,92,THR,HG23,[ 10.714 -30.814  20.563],0.0
412,I,95,VAL,N,[ 13.941 -36.581  21.358],0.0
413,I,95,VAL,CA,[ 13.292 -37.771  21.901],0.0
414,I,95,VAL,C,[ 14.114 -38.976  21.464],0.0
415,I,95,VAL,O,[ 14.29  -39.202  20.261],0.0
416,I,95,VAL,CB,[ 11.834 -37.93   21.424],0.0
417,I,95,VAL,CG1,[ 11.306 -39.294  21.799],1.21
418,I,95,VAL,CG2,[ 10.921 -36.881  22.028],4.83
419,I,95,VAL,H,[ 14.243 -36.692  20.56 ],0.0
420,I,95,VAL,HA,[ 13.253 -37.692  22.867],5.1
421,I,95,VAL,HB,[ 11.841 -37.821  20.46 ],0.85
422,I,95,VAL,HG11,[ 10.389 -39.381  21.494],9.34
423,I,95,VAL,HG12,[ 11.852 -39.979  21.382],0.0
424,I,95,VAL,HG13,[ 11.337 -39.399  22.763],9.34
425,I,95,VAL,HG21,[ 10.016 -37.014  21.705],19.54
426,I,95,VAL,HG22,[ 10.933 -36.959  22.995],13.59
427,I,95,VAL,HG23,[ 11.229 -35.998  21.771],2.55
428,I,97,LYS,N,[ 14.405 -43.273  22.015],0.0
429,I,97,LYS,CA,[ 13.735 -44.472  22.498],0.0
430,I,97,LYS,C,[ 14.565 -45.711  22.185],28.98
431,I,97,LYS,O,[ 15.738 -45.611  21.832],32.14
432,I,97,LYS,CB,[ 12.339 -44.608  21.888],1.21
433,I,97,LYS,CG,[ 11.313 -43.622  22.414],0.0
434,I,97,LYS,CD,[  9.955 -43.84   21.788],1.21
435,I,97,LYS,CE,[  8.957 -42.828  22.305],2.42
436,I,97,LYS,NZ,[  7.616 -43.022  21.699],2.19
437,I,97,LYS,H,[ 14.772 -43.358  21.242],0.0
438,I,97,LYS,HA,[ 13.64  -44.391  23.46 ],10.19
439,I,97,LYS,HB2,[ 12.409 -44.5    20.927],0.85
440,I,97,LYS,HB3,[ 12.016 -45.508  22.05 ],14.44
441,I,97,LYS,HG2,[ 11.243 -43.71   23.377],12.74
442,I,97,LYS,HG3,[ 11.611 -42.717  22.233],0.0
443,I,97,LYS,HD2,[ 10.024 -43.769  20.823],0.85
444,I,97,LYS,HD3,[  9.644 -44.737  21.985],16.99
445,I,97,LYS,HE2,[  8.89  -42.902  23.27 ],20.39
446,I,97,LYS,HE3,[  9.274 -41.932  22.111],1.7
447,I,97,LYS,HZ1,[  7.053 -42.413  22.022],27.18
448,I,97,LYS,HZ2,[  7.674 -42.933  20.815],9.34
449,I,97,LYS,HZ3,[  7.316 -43.837  21.895],22.94
