,MaSIF_index,atom_type,chain,coords,point_direction,resid,resname,sasa,surf_charge,surf_coords,surf_hbond,surf_hphob,surf_norm_fibril_dot,surf_normals,vertex_x,vertex_y,vertex_z,vertex_nx,vertex_ny,vertex_nz,vertex_charge,vertex_hbond,vertex_hphob
0,4839,C,E,[ -2.723 -30.999  10.871],,85.0,ALA,0.0,0.294057,[ -0.913  -31.873   11.2098],-0.00568582,1.8,-0.022066774335009445,[0.998504  0.0462843 0.0291052],-0.913,-31.873,11.2098,0.998504,0.0462843,0.0291052,0.294057,-0.00568582,1.8
1,3066,O,E,[ -1.918 -31.114   9.943],,85.0,ALA,5.36,-0.568392,[ -0.597 -30.763  10.244],-0.0,1.8,-0.10672252548922574,[ 0.955121 -0.274045  0.112439],-0.597,-30.763,10.244,0.955121,-0.274045,0.112439,-0.568392,-0.0,1.8
2,9578,CB,E,[ -2.238 -33.278  11.794],,85.0,ALA,7.25,0.508585,[ -0.649375 -33.6351    12.3311  ],0.0,1.8,-0.18555865767077567,[ 0.898844 -0.394701  0.190503],-0.649375,-33.6351,12.3311,0.898844,-0.394701,0.190503,0.508585,0.0,1.8
3,5811,HB2,E,[ -2.634 -34.049  12.23 ],,85.0,ALA,12.74,0.493869,[ -2.84238 -35.0911   12.0895 ],0.0,1.8,-0.12115396517501008,[-0.0925209 -0.988771   0.117355 ],-2.84238,-35.0911,12.0895,-0.0925209,-0.988771,0.117355,0.493869,0.0,1.8
4,8883,HB3,E,[ -1.842 -33.552  10.952],,85.0,ALA,7.65,0.54586,[ -1.60563 -34.725    11.049  ],0.0,1.8,0.1626114936327147,[ 0.404138 -0.90011  -0.162708],-1.60563,-34.725,11.049,0.404138,-0.90011,-0.162708,0.54586,0.0,1.8
5,9929,N,E,[ -3.118 -29.819  11.336],,86.0,GLY,0.0,0.526138,[ -0.795937 -30.0032    11.4214  ],0.0,0.624499,-0.11802597779194475,[ 0.870855 -0.476027  0.122515],-0.795937,-30.0032,11.4214,0.870855,-0.476027,0.122515,0.526138,0.0,0.624499
6,8476,C,E,[ -1.452 -28.058  11.678],,86.0,GLY,0.0,-0.376198,[ -0.64275 -29.7531   12.5111 ],0.0,-0.4,-0.06492119874013984,[ 0.658135  -0.749907   0.0670645],-0.64275,-29.7531,12.5111,0.658135,-0.749907,0.0670645,-0.376198,0.0,-0.4
7,4337,H,E,[ -3.704 -29.721  11.958],,86.0,GLY,0.0,0.597094,[ -1.17425 -31.1816   12.2843 ],-0.0370268,1.46296,-0.09881593101857382,[0.994352  0.0094323 0.10571  ],-1.17425,-31.1816,12.2843,0.994352,0.0094323,0.10571,0.597094,-0.0370268,1.46296
8,2557,HA3,E,[ -3.289 -27.918  10.778],,86.0,GLY,0.0,0.511608,[  0.6465  -28.6076    9.98038],-0.567085,-0.503131,0.09152086683159238,[ 0.324245  -0.94146   -0.0922989],0.6465,-28.6076,9.98038,0.324245,-0.94146,-0.0922989,0.511608,-0.567085,-0.503131
9,2922,N,E,[ -0.688 -27.129  11.112],,87.0,SER,0.0,0.442993,[  0.348  -29.188   11.5819],0.0,-0.758501,0.22062312715942273,[ 0.286926 -0.931962 -0.221632],0.348,-29.188,11.5819,0.286926,-0.931962,-0.221632,0.442993,0.0,-0.758501
10,7795,CA,E,[  0.458 -26.566  11.806],,87.0,SER,0.0,0.494429,[  2.13188 -28.9044   10.8294 ],0.0,-0.8,0.21766218186538852,[ 0.292909 -0.93081  -0.218626],2.13188,-28.9044,10.8294,0.292909,-0.93081,-0.218626,0.494429,0.0,-0.8
11,6771,C,E,[  0.801 -25.215  11.208],,87.0,SER,0.0,0.401476,[  3.52144 -27.981    11.1584 ],0.0,-0.8,0.21731792652115156,[ 0.294932 -0.930255 -0.218266],3.52144,-27.981,11.1584,0.294932,-0.930255,-0.218266,0.401476,0.0,-0.8
12,1664,CB,E,[  1.676 -27.484  11.723],,87.0,SER,3.62,0.521665,[  0.97725 -28.5545   14.547  ],0.0,-0.8,0.08858582537771487,[ 0.0934657 -0.991444  -0.0911161],0.97725,-28.5545,14.547,0.0934657,-0.991444,-0.0911161,0.521665,0.0,-0.8
13,8734,OG,E,[  2.795 -26.857  12.317],,87.0,SER,0.0,0.42462,[  1.32325 -29.3355   12.3162 ],0.0,-0.8,-0.09681864934296548,[ 0.216634  -0.971599   0.0952071],1.32325,-29.3355,12.3162,0.216634,-0.971599,0.0952071,0.42462,0.0,-0.8
14,6177,HA,E,[  0.221 -26.467  12.741],,87.0,SER,0.0,1.32102,[  3.8225 -28.3065  12.594 ],0.0,-0.364465,-0.05599897798005203,[ 0.044822  -0.997582   0.0531176],3.8225,-28.3065,12.594,0.044822,-0.997582,0.0531176,1.32102,0.0,-0.364465
15,7356,HB2,E,[  1.489 -28.323  12.173],,87.0,SER,10.19,0.321871,[  7.76963 -27.9219   14.2944 ],0.0,1.8,-0.009799484915313805,[-0.0679866  -0.997667    0.00613812],7.76963,-27.9219,14.2944,-0.0679866,-0.997667,0.00613812,0.321871,0.0,1.8
16,7806,HB3,E,[  1.868 -27.696  10.796],,87.0,SER,3.4,0.599348,[  7.54338 -28.7549   12.1993 ],0.0,1.8,0.2358512541583432,[-0.007939 -0.970982 -0.23902 ],7.54338,-28.7549,12.1993,-0.007939,-0.970982,-0.23902,0.599348,0.0,1.8
17,7893,HG,E,[  2.987 -27.248  13.035],,87.0,SER,3.4,-0.233371,[  8.83394 -28.0336   10.3549 ],0.0,1.8,0.11654984323799028,[-0.370472 -0.920789 -0.122056],8.83394,-28.0336,10.3549,-0.370472,-0.920789,-0.122056,-0.233371,0.0,1.8
18,7629,N,E,[  6.277 -24.966  11.833],,90.0,ALA,0.0,0.719429,[  6.04362 -28.7216   11.1962 ],0.0,1.8,0.2792546208833507,[-0.0745279 -0.956268  -0.282837 ],6.04362,-28.7216,11.1962,-0.0745279,-0.956268,-0.282837,0.719429,0.0,1.8
19,1215,CA,E,[  6.851 -26.054  12.61 ],,90.0,ALA,0.0,1.13107,[  5.00375 -27.717    10.0618 ],0.391179,0.461903,0.10398862284424319,[-0.263837 -0.958403 -0.108879],5.00375,-27.717,10.0618,-0.263837,-0.958403,-0.108879,1.13107,0.391179,0.461903
20,10143,O,E,[  8.727 -26.527  11.191],,90.0,ALA,0.0,0.640549,[  6.1905 -29.049   13.0108],0.0,1.8,-0.12384913073421083,[-0.116789 -0.985894  0.119892],6.1905,-29.049,13.0108,-0.116789,-0.985894,0.119892,0.640549,0.0,1.8
21,7968,CB,E,[  6.129 -27.361  12.303],,90.0,ALA,7.25,0.930977,[  4.822  -28.1998  11.4757],0.0,1.8,0.25727385812923564,[-0.220264 -0.939649 -0.261808],4.822,-28.1998,11.4757,-0.220264,-0.939649,-0.261808,0.930977,0.0,1.8
22,5861,HA,E,[  6.741 -25.861  13.554],,90.0,ALA,0.0,0.143298,[  9.7    -29.3644  13.6261],0.0,-0.7,-0.17168328522323373,[-0.93616  -0.310857  0.164234],9.7,-29.3644,13.6261,-0.93616,-0.310857,0.164234,0.143298,0.0,-0.7
23,9889,HB2,E,[  5.19  -27.273  12.528],,90.0,ALA,0.0,0.840412,[ 10.5245 -31.9802  13.6642],0.0,-0.7,-0.12023627357888618,[-0.743625 -0.658979  0.113   ],10.5245,-31.9802,13.6642,-0.743625,-0.658979,0.113,0.840412,0.0,-0.7
24,6574,N,E,[ 11.859 -28.001  12.879],,92.0,THR,0.0,0.507509,[  9.41413 -30.8538   11.2186 ],0.0,-0.7,0.25882646925153235,[-0.943806 -0.196183 -0.265974],9.41413,-30.8538,11.2186,-0.943806,-0.196183,-0.265974,0.507509,0.0,-0.7
25,727,CA,E,[ 12.451 -29.26   13.299],,92.0,THR,0.0,0.254168,[ 12.518  -31.8635  15.272 ],-0.94655,-0.7,-0.221236779712483,[-0.0383246 -0.975228   0.217858 ],12.518,-31.8635,15.272,-0.0383246,-0.975228,0.217858,0.254168,-0.94655,-0.7
26,360,C,E,[ 13.821 -29.424  12.669],,92.0,THR,0.0,0.418639,[  9.6745 -30.7143  13.4782],0.0,-0.7,-0.06175761540138684,[-0.957569  -0.283054   0.0542464],9.6745,-30.7143,13.4782,-0.957569,-0.283054,0.0542464,0.418639,0.0,-0.7
27,4064,O,E,[ 14.07  -28.963  11.556],,92.0,THR,0.0,2.09438,[ 11.2926 -32.9676  12.2472],0.683713,-0.7,0.18607681768213633,[-0.740065 -0.644172 -0.19325 ],11.2926,-32.9676,12.2472,-0.740065,-0.644172,-0.19325,2.09438,0.683713,-0.7
28,1944,CB,E,[ 11.559 -30.457  12.967],,92.0,THR,0.0,0.678289,[  9.687  -31.9018  11.2998],0.0,-0.7,0.12448917182475887,[-0.724818 -0.676244 -0.131658],9.687,-31.9018,11.2998,-0.724818,-0.676244,-0.131658,0.678289,0.0,-0.7
29,7614,OG1,E,[ 12.29  -31.67   13.176],,92.0,THR,1.07,0.290369,[  9.334  -29.9004  11.788 ],0.0,-0.7,0.0066002652601702605,[-0.950327  -0.310933  -0.0141527],9.334,-29.9004,11.788,-0.950327,-0.310933,-0.0141527,0.290369,0.0,-0.7
30,1371,CG2,E,[ 11.015 -30.383  11.588],,92.0,THR,2.42,0.250954,[ 10.172  -30.3638   9.775 ],0.0,-0.7,0.28555081742142585,[-0.922175 -0.252787 -0.292731],10.172,-30.3638,9.775,-0.922175,-0.252787,-0.292731,0.250954,0.0,-0.7
31,6344,H,E,[ 12.038 -27.775  12.069],,92.0,THR,0.0,0.995612,[ 10.6781 -38.317   11.9371],0.0,4.2,-0.011624988718881216,[-0.999243   -0.0386368   0.00460691],10.6781,-38.317,11.9371,-0.999243,-0.0386368,0.00460691,0.995612,0.0,4.2
32,7382,HB,E,[ 10.794 -30.441  13.563],,92.0,THR,4.25,0.819393,[ 11.2692 -34.8333  12.3554],0.0,4.2,0.08521267414672481,[-0.870286   0.484315  -0.0896703],11.2692,-34.8333,12.3554,-0.870286,0.484315,-0.0896703,0.819393,0.0,4.2
33,3686,HG1,E,[ 11.8   -32.328  12.995],,92.0,THR,7.65,0.96363,[ 12.1595  -37.5395    9.12362],0.0,4.2,-0.2057316618498042,[-0.96994  -0.140632  0.198595],12.1595,-37.5395,9.12362,-0.96994,-0.140632,0.198595,0.96363,0.0,4.2
34,2462,HG22,E,[ 10.485 -29.576  11.492],,92.0,THR,0.85,1.6072,[ 11.4535 -40.712   10.0175],0.0,-3.9,0.26491356747015266,[-0.73082   0.627775 -0.267955],11.4535,-40.712,10.0175,-0.73082,0.627775,-0.267955,1.6072,0.0,-3.9
35,1434,HG23,E,[ 11.747 -30.367  10.952],,92.0,THR,0.0,0.943089,[ 11.6225 -38.9545  14.2878],0.0,4.2,-0.11294753539504124,[-0.994105   0.0220387  0.106162 ],11.6225,-38.9545,14.2878,-0.994105,0.0220387,0.106162,0.943089,0.0,4.2
36,9930,CA,E,[ 14.551 -37.234  12.293],,95.0,VAL,0.0,0.914662,[ 11.3651 -36.9354  14.3647],0.0,4.2,-0.08061270446311765,[-0.996854   0.0288305  0.073829 ],11.3651,-36.9354,14.3647,-0.996854,0.0288305,0.073829,0.914662,0.0,4.2
37,898,HB,E,[ 13.102 -37.332  10.852],,95.0,VAL,0.0,0.844255,[ 10.3392 -45.1505  12.4312],0.0,-3.9,-0.022599342292521286,[-0.424679  -0.905189   0.0167731],10.3392,-45.1505,12.4312,-0.424679,-0.905189,0.0167731,0.844255,0.0,-3.9
38,7199,HG11,E,[ 11.703 -38.94   11.887],,95.0,VAL,10.19,2.3848,[  9.94   -40.6603  12.4858],0.0,-3.9,-0.17770722394489008,[-0.66509   0.725861  0.175446],9.94,-40.6603,12.4858,-0.66509,0.725861,0.175446,2.3848,0.0,-3.9
39,9818,HG12,E,[ 13.184 -39.488  11.775],,95.0,VAL,0.0,3.71894,[  9.50275 -41.1927   11.5262 ],0.0,-3.9,0.20764474042522094,[-0.408723  0.888727 -0.207627],9.50275,-41.1927,11.5262,-0.408723,0.888727,-0.207627,3.71894,0.0,-3.9
40,2778,C,E,[ 16.083 -45.129  12.582],,97.0,LYS,20.53,2.22965,[ 10.6275 -43.7539  10.2349],0.0,-3.9,0.1293881375285473,[-0.337173 -0.931757 -0.1347  ],10.6275,-43.7539,10.2349,-0.337173,-0.931757,-0.1347,2.22965,0.0,-3.9
41,9232,CB,E,[ 13.822 -44.099  12.284],,97.0,LYS,1.21,3.08331,[  9.29   -41.8601  14.7621],0.315151,-3.9,-0.09293881193140834,[-0.399492   0.911997   0.0931034],9.29,-41.8601,14.7621,-0.399492,0.911997,0.0931034,3.08331,0.315151,-3.9
42,9589,CD,E,[ 11.415 -43.41   12.184],,97.0,LYS,1.21,2.86832,[  7.47675 -41.9481   12.6053 ],0.540911,-3.9,-0.014603885779335668,[-0.941512    0.336854    0.00918581],7.47675,-41.9481,12.6053,-0.941512,0.336854,0.00918581,2.86832,0.540911,-3.9
43,558,NZ,E,[  9.049 -42.669  12.093],,97.0,LYS,2.19,2.0639,[  8.06625 -44.3908   12.2157 ],0.727838,-3.9,0.010487556842946213,[-0.600161 -0.799695 -0.017188],8.06625,-44.3908,12.2157,-0.600161,-0.799695,-0.017188,2.0639,0.727838,-3.9
44,7152,HB2,E,[ 13.889 -43.989  11.323],,97.0,LYS,0.85,0.470499,[-2.43750e-02 -3.03765e+01  2.02550e+00],0.0,0.782939,-0.11615431381227961,[ 0.928344 -0.351326  0.121439],-0.024375,-30.3765,2.0255,0.928344,-0.351326,0.121439,0.470499,0.0,0.782939
45,9171,HB3,E,[ 13.528 -45.009  12.446],,97.0,LYS,13.59,-0.162069,[  0.34675  -30.3988     0.645375],-0.297218,1.8,0.24317202372984306,[ 0.959149 -0.154398 -0.237055],0.34675,-30.3988,0.645375,0.959149,-0.154398,-0.237055,-0.162069,-0.297218,1.8
46,4910,HG2,E,[ 12.697 -43.237  13.773],,97.0,LYS,0.0,0.54912,[ -1.23662 -35.1379    1.83413],0.0,1.8,0.18983631743784476,[ 0.0215931 -0.980994  -0.192832 ],-1.23662,-35.1379,1.83413,0.0215931,-0.980994,-0.192832,0.54912,0.0,1.8
47,8149,HD3,E,[ 11.134 -44.317  12.382],,97.0,LYS,13.59,0.492727,[  0.509313 -33.579      2.85669 ],0.0,1.8,-0.21878367027107487,[ 0.932074 -0.28447   0.224311],0.509313,-33.579,2.85669,0.932074,-0.28447,0.224311,0.492727,0.0,1.8
48,9053,HE2,E,[ 10.318 -42.507  13.665],,97.0,LYS,0.85,0.514355,[ -2.1195  -34.9543    2.96125],0.0,1.8,-0.16489994718558507,[-0.264735 -0.950949  0.160035],-2.1195,-34.9543,2.96125,-0.264735,-0.950949,0.160035,0.514355,0.0,1.8
49,4039,HE3,E,[ 10.67  -41.525  12.506],,97.0,LYS,1.7,0.520767,[ -0.117625 -34.6632     1.42625 ],0.0,1.8,0.2813272250584734,[ 0.542217 -0.792167 -0.280129],-0.117625,-34.6632,1.42625,0.542217,-0.792167,-0.280129,0.520767,0.0,1.8
50,9352,HZ3,E,[  8.776 -43.493  12.289],,97.0,LYS,22.09,0.444786,[  0.805375 -29.5533     1.99481 ],0.0,-0.719475,0.10961692173702736,[ 0.529475 -0.841338 -0.108659],0.805375,-29.5533,1.99481,0.529475,-0.841338,-0.108659,0.444786,0.0,-0.719475
51,8498,N,A,[ -3.238 -33.008   1.053],,85.0,ALA,1.09,-0.462727,[  0.366625 -29.8501     2.88825 ],0.0,-0.4,-0.10882385291430563,[ 0.693163 -0.712131  0.111331],0.366625,-29.8501,2.88825,0.693163,-0.712131,0.111331,-0.462727,0.0,-0.4
52,4606,CB,A,[ -1.109 -33.428   2.172],,85.0,ALA,7.25,0.385254,[  2.18863 -29.3464    2.67175],0.0,-0.8,-0.19489750372885192,[ 0.248411 -0.949115  0.19358 ],2.18863,-29.3464,2.67175,0.248411,-0.949115,0.19358,0.385254,0.0,-0.8
53,4397,H,A,[ -2.984 -33.713   0.631],,85.0,ALA,11.89,0.485186,[  3.4345  -28.9676    2.70138],0.0,-0.8,-0.056113471694350055,[ 0.441953  -0.89527    0.0562997],3.4345,-28.9676,2.70138,0.441953,-0.89527,0.0562997,0.485186,0.0,-0.8
54,18,HA,A,[ -2.612 -32.175   2.763],,85.0,ALA,0.0,1.90472,[  4.245 -28.252   3.347],0.0,-0.8,-0.27713927724317716,[ 0.260355 -0.925229  0.275983],4.245,-28.252,3.347,0.260355,-0.925229,0.275983,1.90472,0.0,-0.8
55,7534,HB1,A,[ -0.436 -33.027   2.744],,85.0,ALA,11.04,-0.387798,[  1.01044 -28.9622    3.9925 ],-0.538105,-0.4,-0.21013503800337807,[ 0.477353 -0.853076  0.210705],1.01044,-28.9622,3.9925,0.477353,-0.853076,0.210705,-0.387798,-0.538105,-0.4
56,1913,HB3,A,[ -0.704 -33.689   1.33 ],,85.0,ALA,16.14,0.116867,[  4.2115  -28.4438    2.15775],0.0,-0.8,0.17559921125926428,[ 0.315371 -0.932427 -0.176412],4.2115,-28.4438,2.15775,0.315371,-0.932427,-0.176412,0.116867,0.0,-0.8
57,3934,CA,A,[ -1.61  -28.747   1.193],,86.0,GLY,0.0,0.556901,[  8.30906 -28.7543    2.83962],0.0,1.8,0.025517123439636455,[ 0.158221  -0.987018  -0.0275846],8.30906,-28.7543,2.83962,0.158221,-0.987018,-0.0275846,0.556901,0.0,1.8
58,2907,C,A,[ -0.498 -28.185   2.049],,86.0,GLY,0.0,0.464637,[  9.4   -28.661   2.999],0.0,1.24598,-0.09939206846673797,[-0.291598  -0.951878   0.0943369],9.4,-28.661,2.999,-0.291598,-0.951878,0.0943369,0.464637,0.0,1.24598
59,4395,H,A,[ -2.691 -29.921   2.331],,86.0,GLY,0.0,0.685512,[  5.62275 -28.352     2.712  ],0.0,1.8,0.002369452477658149,[-0.145596   -0.989322   -0.00653997],5.62275,-28.352,2.712,-0.145596,-0.989322,-0.00653997,0.685512,0.0,1.8
60,7940,HA2,A,[ -1.288 -28.875   0.287],,86.0,GLY,12.74,0.679413,[  6.92375 -28.1564    4.9075 ],0.0,1.8,-0.11148871721318299,[-0.0375269 -0.993437   0.108054 ],6.92375,-28.1564,4.9075,-0.0375269,-0.993437,0.108054,0.679413,0.0,1.8
61,9451,HA3,A,[ -2.338 -28.107   1.148],,86.0,GLY,0.0,0.602733,[  7.1455  -28.9126    3.37063],0.0,1.8,-0.22244263618413962,[-0.108067 -0.969812  0.2186  ],7.1455,-28.9126,3.37063,-0.108067,-0.969812,0.2186,0.602733,0.0,1.8
62,685,C,A,[  1.66  -25.269   1.575],,87.0,SER,0.0,-0.059019,[ 10.7545 -29.0182   4.586 ],0.0,-0.7,0.15388811866531638,[-0.93985  -0.301083 -0.161341],10.7545,-29.0182,4.586,-0.93985,-0.301083,-0.161341,-0.059019,0.0,-0.7
63,6765,CB,A,[  2.61  -27.506   2.093],,87.0,SER,3.62,0.520932,[ 11.3883  -31.3557    3.96994],0.0,-0.7,-0.1793181562589272,[-0.810542 -0.559874  0.171939],11.3883,-31.3557,3.96994,-0.810542,-0.559874,0.171939,0.520932,0.0,-0.7
64,1847,OG,A,[  3.708 -26.842   2.686],,87.0,SER,0.0,1.34671,[ 11.9925 -32.7425   3.245 ],0.784891,-0.7,-0.04166987273615487,[-0.781862  -0.622508   0.0342842],11.9925,-32.7425,3.245,-0.781862,-0.622508,0.0342842,1.34671,0.784891,-0.7
65,3081,H,A,[  0.093 -26.921   0.692],,87.0,SER,4.25,0.554715,[ 10.8525  -31.055     2.91575],0.0,-0.7,-0.1830628842247843,[-0.898194 -0.403011  0.175581],10.8525,-31.055,2.91575,-0.898194,-0.403011,0.175581,0.554715,0.0,-0.7
66,9560,HB2,A,[  2.451 -28.35    2.544],,87.0,SER,11.89,0.3135,[ 10.6975  -30.117     4.52281],0.0,-0.7,0.1720075075179122,[-0.949254 -0.258333 -0.179389],10.6975,-30.117,4.52281,-0.949254,-0.258333,-0.179389,0.3135,0.0,-0.7
67,1198,HG,A,[  3.826 -27.136   3.464],,87.0,SER,2.55,0.562272,[ 10.6895 -31.5305   1.3945],0.0,-0.7,0.283988651594687,[-0.77899  -0.555345 -0.291149],10.6895,-31.5305,1.3945,-0.77899,-0.555345,-0.291149,0.562272,0.0,-0.7
68,6531,N,A,[  7.124 -24.837   2.2  ],,90.0,ALA,0.0,0.4383,[ 10.3621  -29.4029    3.02238],0.0,-0.7,-0.1662052565510003,[-0.887298 -0.433032  0.158702],10.3621,-29.4029,3.02238,-0.887298,-0.433032,0.158702,0.4383,0.0,-0.7
69,6821,C,A,[  9.223 -25.978   2.677],,90.0,ALA,0.0,0.807669,[ 12.1429  -37.6628    2.99537],0.0,4.2,-0.13632095009531173,[-0.975242 -0.1796    0.129021],12.1429,-37.6628,2.99537,-0.975242,-0.1796,0.129021,0.807669,0.0,4.2
70,8067,O,A,[  9.625 -26.316   1.56 ],,90.0,ALA,21.43,0.850367,[ 12.0245 -38.7095   2.7665],0.0,4.2,-0.1345285910560086,[-0.968934  0.211301  0.128523],12.0245,-38.7095,2.7665,-0.968934,0.211301,0.128523,0.850367,0.0,4.2
71,2753,CB,A,[  7.056 -27.235   2.674],,90.0,ALA,7.25,0.680595,[ 12.0107 -35.1077   2.8335],0.0,4.2,-0.04135019831026355,[-0.888809   0.456808   0.0366804],12.0107,-35.1077,2.8335,-0.888809,0.456808,0.0366804,0.680595,0.0,4.2
72,8445,HB2,A,[  6.114 -27.177   2.899],,90.0,ALA,0.0,0.86398,[ 12.877   -38.6188    4.64625],0.0,4.2,-0.005122897694358937,[-0.99785     0.0655184  -0.00155246],12.877,-38.6188,4.64625,-0.99785,0.0655184,-0.00155246,0.86398,0.0,4.2
73,5809,HB3,A,[  7.15  -27.438   1.73 ],,90.0,ALA,15.29,0.6886,[ 11.4664  -36.4835    2.28262],0.0,4.2,0.15457406962063186,[-0.978541 -0.127665 -0.161739],11.4664,-36.4835,2.28262,-0.978541,-0.127665,-0.161739,0.6886,0.0,4.2
74,6728,N,A,[ 12.805 -27.682   3.251],,92.0,THR,0.0,0.724784,[ 12.774   -35.4075    4.41325],0.0,4.2,-0.29679363855095164,[-0.896662  0.333046  0.291681],12.774,-35.4075,4.41325,-0.896662,0.333046,0.291681,0.724784,0.0,4.2
75,3739,HA,A,[ 13.529 -28.891   4.638],,92.0,THR,0.0,0.676395,[ 12.4905  -45.0112    2.85975],0.0,-3.9,-0.14952389077787895,[-0.218421 -0.965032  0.144933],12.4905,-45.0112,2.85975,-0.218421,-0.965032,0.144933,0.676395,0.0,-3.9
76,7187,HB,A,[ 11.82  -30.154   3.937],,92.0,THR,5.1,2.12789,[ 11.31    -40.399     2.87675],0.0,-3.9,0.11620852671812545,[-0.642253  0.757321 -0.11822 ],11.31,-40.399,2.87675,-0.642253,0.757321,-0.11822,2.12789,0.0,-3.9
77,7714,HG1,A,[ 12.89  -32.009   3.373],,92.0,THR,5.95,2.89301,[  8.943 -42.846   2.675],0.0,-3.9,0.04945366383393812,[-0.975871  -0.210811  -0.0568632],8.943,-42.846,2.675,-0.975871,-0.210811,-0.0568632,2.89301,0.0,-3.9
78,6182,CG1,A,[ 13.922 -38.473   2.579],,95.0,VAL,2.42,2.01816,[ 11.5766  -43.6325    4.54663],0.0,-3.9,-0.2668419336212317,[-0.303124 -0.916277  0.261826],11.5766,-43.6325,4.54663,-0.303124,-0.916277,0.261826,2.01816,0.0,-3.9
79,4636,H,A,[ 16.683 -35.686   1.336],,95.0,VAL,5.1,2.12326,[  9.07925 -41.2371    3.12212],0.859226,-3.9,-0.17358249582725227,[-0.73462   0.656675  0.17062 ],9.07925,-41.2371,3.12212,-0.73462,0.656675,0.17062,2.12326,0.859226,-3.9
80,5894,HB,A,[ 14.359 -36.969   1.237],,95.0,VAL,14.44,2.54044,[ 10.0434 -44.2597   2.816 ],0.805132,-3.9,-0.0434028060028166,[-0.481464  -0.875673   0.0372798],10.0434,-44.2597,2.816,-0.481464,-0.875673,0.0372798,2.54044,0.805132,-3.9
81,8333,HG13,A,[ 13.96  -38.574   3.543],,95.0,VAL,0.0,0.450572,[ -0.418   -31.8339    6.72188],0.0,1.8,-0.08978249266501334,[0.990973  0.0926242 0.0969192],-0.418,-31.8339,6.72188,0.990973,0.0926242,0.0969192,0.450572,0.0,1.8
82,411,HG21,A,[ 12.484 -36.284   2.48 ],,95.0,VAL,20.39,-0.333579,[-1.050e-02 -3.104e+01  5.313e+00],-0.0144672,1.8,-0.02778240639469719,[ 0.997545  -0.0609593  0.0344712],-0.0105,-31.04,5.313,0.997545,-0.0609593,0.0344712,-0.333579,-0.0144672,1.8
83,4875,HG22,A,[ 13.395 -36.165   3.77 ],,95.0,VAL,0.0,0.563563,[ -1.80037 -35.1029    6.68113],0.0,1.8,0.10947078455109076,[-0.0266119 -0.993257  -0.112836 ],-1.80037,-35.1029,6.68113,-0.0266119,-0.993257,-0.112836,0.563563,0.0,1.8
84,7506,CA,A,[ 16.688 -43.477   3.289],,97.0,LYS,0.0,0.501649,[  0.08025 -33.2847    7.37231],0.0,1.8,-0.1596402684373618,[ 0.968296 -0.186914  0.165728],0.08025,-33.2847,7.37231,0.968296,-0.186914,0.165728,0.501649,0.0,1.8
85,4484,C,A,[ 17.597 -44.66    2.978],,97.0,LYS,24.15,0.495721,[ -2.3335 -35.0525   8.0705],0.0,1.8,-0.24675361074021948,[-0.211886 -0.946789  0.242269],-2.3335,-35.0525,8.0705,-0.211886,-0.946789,0.242269,0.495721,0.0,1.8
86,1229,O,A,[ 18.762 -44.483   2.625],,97.0,LYS,36.43,0.518461,[ -0.11075 -33.9637    6.40975],0.0,1.8,0.13939859530479323,[ 0.927725 -0.348336 -0.134116],-0.11075,-33.9637,6.40975,0.927725,-0.348336,-0.134116,0.518461,0.0,1.8
87,8582,CB,A,[ 15.304 -43.707   2.678],,97.0,LYS,1.21,0.579311,[ -0.193687 -29.9587     6.74344 ],0.0,0.920076,-0.004241600154556231,[ 0.865155   -0.501431    0.00860671],-0.193687,-29.9587,6.74344,0.865155,-0.501431,0.00860671,0.579311,0.0,0.920076
88,9572,CE,A,[ 11.811 -42.154   3.092],,97.0,LYS,1.21,-0.480552,[ -0.142312 -29.8967     7.87156 ],0.0,-0.4,-0.027539796131739673,[ 0.750422  -0.66025    0.0306057],-0.142312,-29.8967,7.87156,0.750422,-0.66025,0.0306057,-0.480552,0.0,-0.4
89,3198,NZ,A,[ 10.486 -42.437   2.485],,97.0,LYS,2.19,0.474264,[ -0.648875 -31.2388     7.69688 ],-0.116079,0.807921,-0.06236956617377193,[ 0.997583   -0.00590374  0.0692358 ],-0.648875,-31.2388,7.69688,0.997583,-0.00590374,0.0692358,0.474264,-0.116079,0.807921
90,5756,H,A,[ 17.648 -42.3     2.03 ],,97.0,LYS,8.49,0.0337935,[ -0.127625 -30.0111     5.40637 ],-0.403566,1.8,-0.11230870559817482,[ 0.915396 -0.385057  0.117396],-0.127625,-30.0111,5.40637,0.915396,-0.385057,0.117396,0.0337935,-0.403566,1.8
91,604,HA,A,[ 16.589 -43.4     4.251],,97.0,LYS,0.0,0.755841,[  0.54525 -29.0125    5.8105 ],-0.03824,-0.705296,0.020187208403806247,[ 0.593362  -0.804719  -0.0186687],0.54525,-29.0125,5.8105,0.593362,-0.804719,-0.0186687,0.755841,-0.03824,-0.705296
92,2952,HB2,A,[ 15.367 -43.597   1.716],,97.0,LYS,13.59,0.459228,[  0.866375 -29.2571     6.79712 ],0.0,-0.758947,0.28936187080026254,[ 0.229898 -0.928767 -0.290756],0.866375,-29.2571,6.79712,0.229898,-0.928767,-0.290756,0.459228,0.0,-0.758947
93,4047,HB3,A,[ 15.041 -44.626   2.841],,97.0,LYS,13.59,0.472414,[  2.34525 -29.2388    6.52725],0.0,-0.8,0.2618388356418356,[ 0.178931 -0.947879 -0.263645],2.34525,-29.2388,6.52725,0.178931,-0.947879,-0.263645,0.472414,0.0,-0.8
94,866,HG2,A,[ 14.151 -42.881   4.166],,97.0,LYS,0.0,1.77496,[  3.9   -28.362   7.988],0.0,-0.8,-0.18714397946163266,[ 0.262023 -0.946982  0.185927],3.9,-28.362,7.988,0.262023,-0.946982,0.185927,1.77496,0.0,-0.8
95,8874,HD2,A,[ 12.939 -43.026   1.612],,97.0,LYS,13.59,0.676553,[  2.00125 -28.4995    9.2185 ],0.0,-0.8,-0.2555901543048485,[ 0.282346 -0.924914  0.254586],2.00125,-28.4995,9.2185,0.282346,-0.924914,0.254586,0.676553,0.0,-0.8
96,2353,HD3,A,[ 12.624 -44.015   2.776],,97.0,LYS,13.59,0.435219,[  1.71137 -29.4434    7.47675],0.0,-0.8,-0.11278392051182455,[ 0.202111 -0.973044  0.111068],1.71137,-29.4434,7.47675,0.202111,-0.973044,0.111068,0.435219,0.0,-0.8
97,631,HE2,A,[ 11.749 -42.231   4.057],,97.0,LYS,0.85,0.539528,[  2.85575 -28.7685    5.793  ],0.0,-0.8,0.2936440892990839,[ 0.399737 -0.868313 -0.293673],2.85575,-28.7685,5.793,0.399737,-0.868313,-0.293673,0.539528,0.0,-0.8
98,5731,HZ1,A,[  9.884 -41.866   2.807],,97.0,LYS,22.09,0.517443,[  7.23413 -28.1165    9.75863],0.0,1.8,-0.149332202124283,[ 0.0971711 -0.984373   0.146857 ],7.23413,-28.1165,9.75863,0.0971711,-0.984373,0.146857,0.517443,0.0,1.8
99,5064,HZ2,A,[ 10.538 -42.345   1.601],,97.0,LYS,22.94,-0.142278,[  8.22287 -27.7406    5.6945 ],-0.300762,1.8,0.1483837693554904,[ 0.0871153 -0.984697  -0.150938 ],8.22287,-27.7406,5.6945,0.0871153,-0.984697,-0.150938,-0.142278,-0.300762,1.8
100,1083,N,C,[ -3.772 -32.941   5.9  ],,85.0,ALA,0.0,0.927523,[  5.597   -28.3722    8.40362],0.0,1.8,-0.2927070996443939,[-0.384712 -0.877201  0.287254],5.597,-28.3722,8.40362,-0.384712,-0.877201,0.287254,0.927523,0.0,1.8
101,9182,C,C,[ -2.174 -31.126   6.092],,85.0,ALA,0.0,0.656732,[  6.63175 -29.016     8.27287],0.0,1.8,-0.29256893267198725,[-0.120894 -0.949755  0.288704],6.63175,-29.016,8.27287,-0.120894,-0.949755,0.288704,0.656732,0.0,1.8
102,2882,CB,C,[ -1.649 -33.395   7.017],,85.0,ALA,7.25,0.637098,[  7.30175 -28.9685    7.36775],0.0,1.8,0.24086308873780982,[ 0.0421255 -0.96894   -0.24368  ],7.30175,-28.9685,7.36775,0.0421255,-0.96894,-0.24368,0.637098,0.0,1.8
103,6424,H,C,[ -3.53  -33.651   5.479],,85.0,ALA,5.95,0.269843,[ 10.1315 -29.4715   8.7115],0.0,-0.7,-0.0016683912106784148,[-0.944465   -0.328559   -0.00589976],10.1315,-29.4715,8.7115,-0.944465,-0.328559,-0.00589976,0.269843,0.0,-0.7
104,10207,HB1,C,[ -0.969 -33.005   7.588],,85.0,ALA,11.04,0.488946,[ 10.4838  -31.1114    8.45497],0.0,-0.7,-0.05981018688359615,[-0.861683  -0.50475    0.0522511],10.4838,-31.1114,8.45497,-0.861683,-0.50475,0.0522511,0.488946,0.0,-0.7
105,2311,HB2,C,[ -2.031 -34.172   7.455],,85.0,ALA,13.59,1.15038,[ 11.1425  -32.013     8.64787],0.0650899,-0.7,-0.1503320128960868,[-0.729954 -0.668335  0.143161],11.1425,-32.013,8.64787,-0.729954,-0.668335,0.143161,1.15038,0.0650899,-0.7
106,8170,HB3,C,[ -1.249 -33.663   6.175],,85.0,ALA,8.49,0.426818,[  9.85363 -30.2529    6.57638],0.0,-0.7,0.18322490606051658,[-0.939088 -0.285965 -0.190625],9.85363,-30.2529,6.57638,-0.939088,-0.285965,-0.190625,0.426818,0.0,-0.7
107,8372,CA,C,[ -2.077 -28.706   6.041],,86.0,GLY,0.0,1.8479,[ 11.6216  -32.5444    7.34906],0.468537,-0.7,0.259655432518492,[-0.674459 -0.688528 -0.26652 ],11.6216,-32.5444,7.34906,-0.674459,-0.688528,-0.26652,1.8479,0.468537,-0.7
108,4774,C,C,[ -0.955 -28.162   6.896],,86.0,GLY,0.0,0.717759,[ 11.0939  -32.0475    6.32137],0.0,-0.7,0.24234615971413745,[-0.397859 -0.883313 -0.247925],11.0939,-32.0475,6.32137,-0.397859,-0.883313,-0.247925,0.717759,0.0,-0.7
109,675,H,C,[ -3.175 -29.865   7.18 ],,86.0,GLY,0.0,0.619636,[ 12.6775 -31.957    6.3745],0.0,-0.7,0.29124868177316265,[-0.19095  -0.936043 -0.29557 ],12.6775,-31.957,6.3745,-0.19095,-0.936043,-0.29557,0.619636,0.0,-0.7
110,7913,HA2,C,[ -1.758 -28.838   5.135],,86.0,GLY,0.0,0.767055,[ 13.1248  -34.8078    6.08612],0.0,4.2,0.19788771195973107,[-0.760387  0.617531 -0.201164],13.1248,-34.8078,6.08612,-0.760387,0.617531,-0.201164,0.767055,0.0,4.2
111,2902,HA3,C,[ -2.795 -28.055   5.997],,86.0,GLY,0.0,0.963647,[ 11.5351 -37.8382   7.8275],0.0,4.2,-0.22994527079265076,[-0.958407 -0.178409  0.222768],11.5351,-37.8382,7.8275,-0.958407,-0.178409,0.222768,0.963647,0.0,4.2
112,8373,CA,C,[  0.93  -26.637   7.021],,87.0,SER,0.0,0.795791,[ 11.7975  -34.9296    7.85256],0.0,4.2,0.1698095929755848,[-0.853098  0.491836 -0.174127],11.7975,-34.9296,7.85256,-0.853098,0.491836,-0.174127,0.795791,0.0,4.2
113,6921,C,C,[  1.248 -25.28    6.422],,87.0,SER,0.0,0.803807,[ 12.5395  -35.7308    5.42775],0.0,4.2,0.29172146025783846,[-0.824465  0.482406 -0.295875],12.5395,-35.7308,5.42775,-0.824465,0.482406,-0.295875,0.803807,0.0,4.2
114,1669,OG,C,[  3.272 -26.885   7.531],,87.0,SER,0.0,0.981168,[ 12.228  -38.762    9.1035],0.0,4.2,-0.13171037736181715,[-0.987292   0.0978529  0.125215 ],12.228,-38.762,9.1035,-0.987292,0.0978529,0.125215,0.981168,0.0,4.2
115,6346,H,C,[ -0.344 -26.906   5.539],,87.0,SER,0.0,0.824023,[ 11.0684  -36.0284    7.82475],0.0,4.2,-0.11963687088719406,[-0.917118  0.381807  0.114534],11.0684,-36.0284,7.82475,-0.917118,0.381807,0.114534,0.824023,0.0,4.2
116,7190,H,C,[  6.184 -25.196   6.423],,90.0,ALA,0.0,2.38316,[ 10.6593 -40.5607   7.7065],0.0,-3.9,0.036734965531830865,[-0.668575   0.742622  -0.0389728],10.6593,-40.5607,7.7065,-0.668575,0.742622,-0.0389728,2.38316,0.0,-3.9
117,5692,HA,C,[  7.201 -25.819   8.765],,90.0,ALA,0.0,3.30493,[  8.347 -43.361   7.473],0.0,-3.9,-0.16107060689035244,[-0.888105 -0.43323   0.153561],8.347,-43.361,7.473,-0.888105,-0.43323,0.153561,3.30493,0.0,-3.9
118,1409,C,C,[ 14.341 -29.257   7.878],,92.0,THR,0.0,1.75489,[ 11.7797  -40.2785    8.80875],0.0,-3.9,-0.2501879917531931,[-0.823476  0.511174  0.246149],11.7797,-40.2785,8.80875,-0.823476,0.511174,0.246149,1.75489,0.0,-3.9
119,7485,O,C,[ 14.581 -28.793   6.764],,92.0,THR,0.0,1.13939,[ 12.2517  -44.0199    5.42263],0.0,-3.9,0.2624781825667203,[-0.205871 -0.941473 -0.266919],12.2517,-44.0199,5.42263,-0.205871,-0.941473,-0.266919,1.13939,0.0,-3.9
120,10296,OG1,C,[ 12.85  -31.53    8.388],,92.0,THR,0.0,2.88063,[ 10.3275 -41.6247   9.89  ],0.0,-3.9,0.049895874471410036,[-0.432515   0.900239  -0.0500009],10.3275,-41.6247,9.89,-0.432515,0.900239,-0.0500009,2.88063,0.0,-3.9
121,4746,H,C,[ 12.529 -27.641   7.277],,92.0,THR,0.0,2.26668,[  8.41362 -41.3704    7.98688],0.862871,-3.9,-0.22744467493629594,[-0.762607  0.606792  0.224131],8.41362,-41.3704,7.98688,-0.762607,0.606792,0.224131,2.26668,0.862871,-3.9
122,9226,HA,C,[ 13.061 -29.09    9.474],,92.0,THR,0.0,2.91593,[ 10.4656  -43.3565    5.42975],0.24739,-3.9,0.2947744289133104,[-0.292145 -0.908201 -0.299705],10.4656,-43.3565,5.42975,-0.292145,-0.908201,-0.299705,2.91593,0.24739,-3.9
123,6508,HB,C,[ 11.331 -30.327   8.773],,92.0,THR,5.1,2.96242,[  9.337   -44.419     7.48825],0.776476,-3.9,0.17045461433436046,[-0.400959 -0.899011 -0.176103],9.337,-44.419,7.48825,-0.400959,-0.899011,-0.176103,2.96242,0.776476,-3.9
124,9899,HG22,C,[ 11.009 -29.469   6.702],,92.0,THR,1.7,0.390402,[ -1.41663 -31.8106   16.3559 ],0.0,1.8,-0.08534605047376785,[0.99538   0.026425  0.0923012],-1.41663,-31.8106,16.3559,0.99538,0.026425,0.0923012,0.390402,0.0,1.8
125,3159,HG23,C,[ 12.284 -30.239   6.163],,92.0,THR,0.0,-0.275481,[ -0.983  -31.006   14.9495],-0.0343245,1.8,-0.0340218283073639,[ 0.990381 -0.132325  0.040433],-0.983,-31.006,14.9495,0.990381,-0.132325,0.040433,-0.275481,-0.0343245,1.8
126,3602,N,C,[ 15.797 -35.835   6.964],,95.0,VAL,0.0,0.503334,[ -2.07275 -34.7882   15.8994 ],0.0,1.8,0.20562232368414013,[ 0.367949 -0.906742 -0.205991],-2.07275,-34.7882,15.8994,0.367949,-0.906742,-0.205991,0.503334,0.0,1.8
127,8444,O,C,[ 16.276 -38.436   5.871],,95.0,VAL,0.0,0.451177,[ -1.08881 -33.5525   17.3399 ],0.0,1.8,-0.21375507336580776,[ 0.952988 -0.208709  0.219669],-1.08881,-33.5525,17.3399,0.952988,-0.208709,0.219669,0.451177,0.0,1.8
128,4212,CB,C,[ 13.76  -37.287   7.033],,95.0,VAL,0.0,0.43382,[ -3.4275 -34.987   17.6825],0.0,1.8,-0.2656491251395885,[-0.28579  -0.92214   0.260734],-3.4275,-34.987,17.6825,-0.28579,-0.92214,0.260734,0.43382,0.0,1.8
129,1227,CG1,C,[ 13.301 -38.676   7.41 ],,95.0,VAL,1.21,0.482831,[ -1.1705 -33.9475  16.0392],0.0,1.8,0.09899302760624741,[ 0.876015  -0.472941  -0.0944648],-1.1705,-33.9475,16.0392,0.876015,-0.472941,-0.0944648,0.482831,0.0,1.8
130,10080,CG2,C,[ 12.795 -36.285   7.636],,95.0,VAL,3.62,0.543317,[ -1.05603 -29.9332   16.0582 ],-0.0759481,1.8,-0.07372949970452831,[ 0.896879  -0.435248   0.0785273],-1.05603,-29.9332,16.0582,0.896879,-0.435248,0.0785273,0.543317,-0.0759481,1.8
131,9399,HB,C,[ 13.761 -37.179   6.069],,95.0,VAL,0.0,-1.11569,[ -0.560687 -29.3419    17.8743  ],0.0,-0.493992,-0.16357664883586856,[ 0.445758 -0.880032  0.163841],-0.560687,-29.3419,17.8743,0.445758,-0.880032,0.163841,-1.11569,0.0,-0.493992
132,25,HG11,C,[ 12.39  -38.81    7.105],,95.0,VAL,9.34,-0.0130259,[ -1.4555 -30.215   17.5535],-0.0531354,-0.4,-0.1249715236904996,[ 0.862117 -0.489919  0.129356],-1.4555,-30.215,17.5535,0.862117,-0.489919,0.129356,-0.0130259,-0.0531354,-0.4
133,5250,HG12,C,[ 13.881 -39.333   6.993],,95.0,VAL,0.0,-0.1541,[ -1.06938 -30.132    13.949  ],-0.502828,1.00999,-0.07030923608926674,[ 0.93683   -0.341498   0.0756826],-1.06938,-30.132,13.949,0.93683,-0.341498,0.0756826,-0.1541,-0.502828,1.00999
134,5035,HG13,C,[ 13.337 -38.779   8.374],,95.0,VAL,0.0,0.393804,[ -0.38775 -28.7875   14.605  ],-0.580447,-0.4,-0.017182150967011135,[ 0.552035  -0.83362    0.0183241],-0.38775,-28.7875,14.605,0.552035,-0.83362,0.0183241,0.393804,-0.580447,-0.4
135,8560,HG21,C,[ 11.898 -36.465   7.313],,95.0,VAL,18.69,0.489849,[ 4.31250e-03 -2.91936e+01  1.62101e+01],0.0,-0.8,0.22068821923819604,[ 0.205431 -0.953084 -0.222327],0.0043125,-29.1936,16.2101,0.205431,-0.953084,-0.222327,0.489849,0.0,-0.8
136,4503,HG22,C,[ 12.811 -36.361   8.603],,95.0,VAL,0.0,0.48806,[  1.5665 -28.9478  15.504 ],0.0,-0.8,0.278336174014349,[ 0.225179 -0.933284 -0.279777],1.5665,-28.9478,15.504,0.225179,-0.933284,-0.279777,0.48806,0.0,-0.8
137,4247,HG23,C,[ 13.057 -35.387   7.378],,95.0,VAL,2.55,2.19733,[  2.79137 -28.326    18.1966 ],0.17285,-0.8,-0.22505225662950054,[ 0.305203 -0.925518  0.224203],2.79137,-28.326,18.1966,0.305203,-0.925518,0.224203,2.19733,0.17285,-0.8
138,1094,CA,C,[ 15.989 -43.724   8.116],,97.0,LYS,0.0,0.446739,[  0.59525 -28.674    18.7887 ],0.0,-0.8,-0.16761085162491118,[ 0.154922 -0.973954  0.165568],0.59525,-28.674,18.7887,0.154922,-0.973954,0.165568,0.446739,0.0,-0.8
139,8663,C,C,[ 16.879 -44.92    7.804],,97.0,LYS,20.53,0.396917,[  0.9215 -29.4371  17.1796],0.0,-0.8,-0.12956601481688745,[ 0.140869 -0.981797  0.1274  ],0.9215,-29.4371,17.1796,0.140869,-0.981797,0.1274,0.396917,0.0,-0.8
140,3953,CG,C,[ 13.526 -42.997   8.032],,97.0,LYS,0.0,0.269727,[  6.70837 -28.2104   19.4706 ],0.0,1.8,-0.07347881551490323,[ 0.0715948 -0.994918   0.0707912],6.70837,-28.2104,19.4706,0.0715948,-0.994918,0.0707912,0.269727,0.0,1.8
141,2721,CD,C,[ 12.181 -43.285   7.407],,97.0,LYS,2.42,0.489152,[  7.59981 -29.0172   17.5971 ],0.0,1.54623,0.07374379100039956,[-0.104417  -0.991498  -0.0776392],7.59981,-29.0172,17.5971,-0.104417,-0.991498,-0.0776392,0.489152,0.0,1.54623
142,3424,NZ,C,[  9.803 -42.585   7.318],,97.0,LYS,2.19,0.77037,[  4.6395 -28.5815  16.4255],0.0,1.8,0.20900308960440012,[-0.369866 -0.903996 -0.214454],4.6395,-28.5815,16.4255,-0.369866,-0.903996,-0.214454,0.77037,0.0,1.8
143,6038,H,C,[ 16.967 -42.56    6.857],,97.0,LYS,0.0,1.11343,[  4.40575 -27.759    15.3025 ],0.0,1.8,0.2792869233827495,[-0.213728 -0.934773 -0.283761],4.40575,-27.759,15.3025,-0.213728,-0.934773,-0.283761,1.11343,0.0,1.8
144,2771,HB2,C,[ 14.665 -43.821   6.544],,97.0,LYS,0.85,0.591827,[  6.3865 -29.171   17.024 ],0.0,1.8,0.20020746880793175,[ 0.136855 -0.969699 -0.202372],6.3865,-29.171,17.024,0.136855,-0.969699,-0.202372,0.591827,0.0,1.8
145,646,HB3,C,[ 14.324 -44.846   7.669],,97.0,LYS,12.74,0.889093,[  3.9585 -28.394   17.3645],0.0,1.66972,-0.10825588387673278,[-0.180773 -0.978023  0.103882],3.9585,-28.394,17.3645,-0.180773,-0.978023,0.103882,0.889093,0.0,1.66972
146,9030,HD3,C,[ 11.916 -44.197   7.606],,97.0,LYS,13.59,1.37951,[ 10.0628 -32.34    17.9982],0.176848,-0.7,-0.06457842257678705,[-0.752849  -0.655696   0.0572874],10.0628,-32.34,17.9982,-0.752849,-0.655696,0.0572874,1.37951,0.176848,-0.7
147,6279,HE3,C,[ 11.404 -41.413   7.727],,97.0,LYS,1.7,0.460187,[  8.979  -30.8794  16.0641],0.0,-0.7,0.20018262167203357,[-0.94652  -0.247063 -0.20751 ],8.979,-30.8794,16.0641,-0.94652,-0.247063,-0.20751,0.460187,0.0,-0.7
148,8909,HZ1,C,[  9.21  -42.005   7.641],,97.0,LYS,22.09,-0.771997,[  9.594  -28.906   15.0545],0.0,-0.7,0.2620826687367605,[-0.793608 -0.54558  -0.269312],9.594,-28.906,15.0545,-0.793608,-0.54558,-0.269312,-0.771997,0.0,-0.7
149,3600,HZ3,C,[  9.545 -43.413   7.516],,97.0,LYS,21.24,0.395774,[  9.2465 -31.022   18.425 ],0.0,-0.7,-0.09673600751687367,[-0.899081  -0.428607   0.0891636],9.2465,-31.022,18.425,-0.899081,-0.428607,0.0891636,0.395774,0.0,-0.7
150,8262,CA,G,[ -3.757 -32.277  16.384],,85.0,ALA,0.0,0.673603,[  9.82887 -32.169    15.7946 ],0.0,-0.7,0.24824966528526973,[-0.572063 -0.779662 -0.254699],9.82887,-32.169,15.7946,-0.572063,-0.779662,-0.254699,0.673603,0.0,-0.7
151,2553,C,G,[ -3.15  -31.051  15.724],,85.0,ALA,0.0,0.256767,[  8.858  -29.8495  16.4608],0.0,-0.7,0.1520494727014871,[-0.968376 -0.19198  -0.15935 ],8.858,-29.8495,16.4608,-0.968376,-0.19198,-0.15935,0.256767,0.0,-0.7
152,2795,O,G,[ -2.345 -31.174  14.797],,85.0,ALA,6.43,0.603829,[ 10.7303 -32.0596  15.0308],0.0,-0.7,0.16073351327326477,[-0.577078 -0.799374 -0.167278],10.7303,-32.0596,15.0308,-0.577078,-0.799374,-0.167278,0.603829,0.0,-0.7
153,5869,CB,G,[ -2.693 -33.336  16.645],,85.0,ALA,7.25,0.8096,[ 12.8496 -35.247   15.159 ],-0.123901,3.91789,0.11213782882865239,[-0.576656  0.80906  -0.113531],12.8496,-35.247,15.159,-0.576656,0.80906,-0.113531,0.8096,-0.123901,3.91789
154,6332,H,G,[ -4.576 -33.533  15.1  ],,85.0,ALA,5.1,0.9515,[ 10.1643 -38.5228  16.8075],0.0,4.2,0.12086200137546915,[-0.987598  -0.0909618 -0.127971 ],10.1643,-38.5228,16.8075,-0.987598,-0.0909618,-0.127971,0.9515,0.0,4.2
155,4151,HB1,G,[ -2.003 -32.967  17.219],,85.0,ALA,10.19,0.773379,[ 10.2148 -35.7136  17.3048],0.0,4.2,-0.06386628929329886,[-0.861767   0.503798   0.0595341],10.2148,-35.7136,17.3048,-0.861767,0.503798,0.0595341,0.773379,0.0,4.2
156,8535,C,G,[ -1.847 -28.125  16.537],,86.0,GLY,0.0,0.860124,[ 10.9965 -38.6168  19.0369],0.0,4.2,0.07968573905883906,[-0.995933  -0.0247248 -0.0866391],10.9965,-38.6168,19.0369,-0.995933,-0.0247248,-0.0866391,0.860124,0.0,4.2
157,4493,O,G,[ -1.671 -28.546  17.674],,86.0,GLY,1.07,0.841594,[  9.72863 -37.0209   16.7051 ],0.0,4.2,0.29086988970188765,[-0.952397   0.0677617 -0.297233 ],9.72863,-37.0209,16.7051,-0.952397,0.0677617,-0.297233,0.841594,0.0,4.2
158,4933,H,G,[ -4.117 -29.763  16.811],,86.0,GLY,0.0,0.761477,[ 10.813  -35.1385  17.8948],0.0,4.2,-0.28920877468071804,[-0.809138  0.513723  0.285278],10.813,-35.1385,17.8948,-0.809138,0.513723,0.285278,0.761477,0.0,4.2
159,9754,H,G,[ -1.197 -26.884  15.185],,87.0,SER,0.0,2.46174,[  9.41525 -40.88     17.1195 ],0.0,-3.9,0.05700907996961018,[-0.659358   0.749498  -0.0591619],9.41525,-40.88,17.1195,-0.659358,0.749498,-0.0591619,2.46174,0.0,-3.9
160,7812,HA,G,[ -0.158 -26.557  17.605],,87.0,SER,0.0,3.77426,[  7.16275 -43.7718   17.4942 ],0.0887882,-3.9,-0.13641061018279915,[-0.920773 -0.368193  0.128883],7.16275,-43.7718,17.4942,-0.920773,-0.368193,0.128883,3.77426,0.0887882,-3.9
161,7822,O,G,[  8.35  -26.71   16.071],,90.0,ALA,0.0,1.2448,[ 10.6834 -44.2754  15.0248],0.0,-3.9,0.2330367311384929,[-0.269145 -0.933258 -0.237887],10.6834,-44.2754,15.0248,-0.269145,-0.933258,-0.237887,1.2448,0.0,-3.9
162,400,CB,G,[  5.74  -27.516  17.177],,90.0,ALA,7.25,0.765357,[  9.87975 -45.4782   17.1763 ],0.0,-3.9,0.01557904594027428,[-0.401007  -0.915828  -0.0212771],9.87975,-45.4782,17.1763,-0.401007,-0.915828,-0.0212771,0.765357,0.0,-3.9
163,7209,H,G,[  5.376 -25.367  16.088],,90.0,ALA,0.0,2.72046,[  8.85112 -42.017    19.8517 ],0.092192,-3.9,0.28053224365413604,[-0.419214  0.863414 -0.28067 ],8.85112,-42.017,19.8517,-0.419214,0.863414,-0.28067,2.72046,0.092192,-3.9
164,4800,HB1,G,[  6.122 -28.238  17.7  ],,90.0,ALA,11.89,2.6298,[  7.13613 -41.6079   16.9223 ],0.472194,-3.9,0.22626919019496186,[-0.643807  0.730311 -0.228381],7.13613,-41.6079,16.9223,-0.643807,0.730311,-0.228381,2.6298,0.472194,-3.9
165,8907,HB2,G,[  4.801 -27.417  17.4  ],,90.0,ALA,0.0,3.23153,[  9.22475 -43.7124   15.2258 ],0.193393,-3.9,0.2838332504163452,[-0.350226 -0.890931 -0.289109],9.22475,-43.7124,15.2258,-0.350226,-0.890931,-0.289109,3.23153,0.193393,-3.9
166,7599,CA,G,[ 12.038 -29.488  18.183],,92.0,THR,0.0,0.364244,[ -2.0505 -31.7682  21.1134],0.0,1.8,-0.19088851766245835,[0.975819  0.0927538 0.197924 ],-2.0505,-31.7682,21.1134,0.975819,0.0927538,0.197924,0.364244,0.0,1.8
167,5888,O,G,[ 13.664 -29.207  16.443],,92.0,THR,0.0,-0.941121,[ -1.7355 -31.2035  18.817 ],-0.0530066,1.8,-0.11238381292749057,[ 0.992235 -0.035776  0.119119],-1.7355,-31.2035,18.817,0.992235,-0.035776,0.119119,-0.941121,-0.0530066,1.8
168,3878,CB,G,[ 11.133 -30.674  17.847],,92.0,THR,0.0,0.415197,[ -1.898  -34.0326  21.8541],0.0,1.8,-0.27286777158948544,[ 0.732179 -0.622716  0.275935],-1.898,-34.0326,21.8541,0.732179,-0.622716,0.275935,0.415197,0.0,1.8
169,5780,H,G,[ 11.645 -27.998  16.953],,92.0,THR,0.0,0.399451,[ -1.5635 -33.0112  21.8097],0.0,1.8,-0.17478437994128268,[0.981682  0.0571753 0.181746 ],-1.5635,-33.0112,21.8097,0.981682,0.0571753,0.181746,0.399451,0.0,1.8
170,662,HA,G,[ 12.128 -29.465  19.149],,92.0,THR,0.0,0.419378,[ -3.9235 -35.0218  21.2695],0.0,1.8,0.13613912221394783,[-0.1796   -0.973655 -0.140498],-3.9235,-35.0218,21.2695,-0.1796,-0.973655,-0.140498,0.419378,0.0,1.8
171,8920,HB,G,[ 10.366 -30.65   18.44 ],,92.0,THR,3.4,0.45334,[ -2.77163 -34.7298   20.6588 ],0.0,1.8,0.20946587358219876,[ 0.370247 -0.904928 -0.209813],-2.77163,-34.7298,20.6588,0.370247,-0.904928,-0.209813,0.45334,0.0,1.8
172,7200,HG1,G,[ 11.353 -32.548  17.874],,92.0,THR,6.8,-0.354789,[ -1.6505 -30.491   20.0397],-0.171991,1.8,-0.08174284611120419,[ 0.953897  -0.287124   0.0874083],-1.6505,-30.491,20.0397,0.953897,-0.287124,0.0874083,-0.354789,-0.171991,1.8
173,4391,HG21,G,[ 10.026 -31.361  16.296],,92.0,THR,16.14,0.190774,[ -1.29  -29.1    19.604],-0.135321,-0.4,0.011685296658250717,[ 0.682582   -0.730749   -0.00931422],-1.29,-29.1,19.604,0.682582,-0.730749,-0.00931422,0.190774,-0.135321,-0.4
174,7719,HG22,G,[ 10.073 -29.78   16.371],,92.0,THR,1.7,0.272364,[ -0.932437 -29.4199    21.3786  ],0.0,-0.62269,-0.07796054688563518,[ 0.380367  -0.921571   0.0776383],-0.932437,-29.4199,21.3786,0.380367,-0.921571,0.0776383,0.272364,0.0,-0.62269
175,4008,O,G,[ 15.081 -38.893  15.534],,95.0,VAL,0.0,0.355599,[  1.56375 -29.0575   21.9035 ],0.0,-0.8,-0.06255695409520631,[ 0.38096   -0.922494   0.0622354],1.56375,-29.0575,21.9035,0.38096,-0.922494,0.0622354,0.355599,0.0,-0.8
176,5970,CB,G,[ 12.596 -37.674  16.692],,95.0,VAL,0.0,0.51295,[  2.94812 -28.442    21.734  ],0.0,0.47734,0.007950784567029075,[ 0.160638  -0.986963  -0.0100009],2.94812,-28.442,21.734,0.160638,-0.986963,-0.0100009,0.51295,0.0,0.47734
177,3210,CG2,G,[ 11.659 -36.646  17.295],,95.0,VAL,2.42,0.333434,[  0.336  -29.5058  21.438 ],0.0,-0.8,0.1360328447395456,[ 0.103839 -0.984908 -0.138472],0.336,-29.5058,21.438,0.103839,-0.984908,-0.138472,0.333434,0.0,-0.8
178,3855,H,G,[ 14.98  -36.386  15.834],,95.0,VAL,0.0,0.390811,[  1.03437 -28.9792   20.2664 ],0.0,-0.8,0.24596640736560801,[ 0.242267 -0.938162 -0.247304],1.03437,-28.9792,20.2664,0.242267,-0.938162,-0.247304,0.390811,0.0,-0.8
179,8343,HG11,G,[ 11.182 -39.157  16.758],,95.0,VAL,9.34,0.475235,[  6.48588 -29.1262   22.3626 ],0.0,1.8,-0.1874147271792146,[ 0.164893 -0.968719  0.185458],6.48588,-29.1262,22.3626,0.164893,-0.968719,0.185458,0.475235,0.0,1.8
180,6281,HG21,G,[ 10.758 -36.799  16.969],,95.0,VAL,18.69,0.526307,[  5.13637 -29.3221   22.0411 ],0.0,1.8,-0.006210252944039572,[-0.192843   -0.981228    0.00173988],5.13637,-29.3221,22.0411,-0.192843,-0.981228,0.00173988,0.526307,0.0,1.8
181,364,HG23,G,[ 11.948 -35.756  17.04 ],,95.0,VAL,2.55,0.597939,[  4.186  -28.9595  21.497 ],0.0,1.8,0.0038416600422010853,[-0.464453   -0.885543   -0.00988024],4.186,-28.9595,21.497,-0.464453,-0.885543,-0.00988024,0.597939,0.0,1.8
182,8107,N,G,[ 15.279 -42.962  17.285],,97.0,LYS,0.0,0.66447,[  5.49781 -28.4721   19.525  ],0.0,1.8,-0.01691492399456748,[-0.18086   -0.983429   0.0125205],5.49781,-28.4721,19.525,-0.18086,-0.983429,0.0125205,0.66447,0.0,1.8
183,9864,CG,G,[ 12.194 -43.377  17.678],,97.0,LYS,0.0,0.442507,[  8.80766 -31.6433   22.5523 ],0.0,-0.7,-0.27587286795812144,[-0.868321 -0.417008  0.268555],8.80766,-31.6433,22.5523,-0.868321,-0.417008,0.268555,0.442507,0.0,-0.7
184,5283,CD,G,[ 10.843 -43.624  17.049],,97.0,LYS,1.21,1.37986,[  9.49687 -32.9026   22.325  ],0.353475,-0.7,-0.07438018744846078,[-0.822889  -0.56425    0.0668988],9.49687,-32.9026,22.325,-0.822889,-0.56425,0.0668988,1.37986,0.353475,-0.7
185,10068,CE,G,[  9.822 -42.634  17.565],,97.0,LYS,1.21,0.368484,[  8.28019 -30.7211   21.3418 ],0.0,-0.7,-0.02203282727701175,[-0.950646  -0.309939   0.0144822],8.28019,-30.7211,21.3418,-0.950646,-0.309939,0.0144822,0.368484,0.0,-0.7
186,8086,HB3,G,[ 12.938 -45.248  17.315],,97.0,LYS,12.74,0.610351,[  9.19775 -32.3745   20.5252 ],0.0,-0.7,0.2128445598174685,[-0.627995 -0.746599 -0.219573],9.19775,-32.3745,20.5252,-0.627995,-0.746599,-0.219573,0.610351,0.0,-0.7
187,9654,HG3,G,[ 12.473 -42.466  17.498],,97.0,LYS,0.0,0.573671,[ 10.1746 -32.2197  19.3793],0.0,-0.7,0.11752559959697606,[-0.688259 -0.714691 -0.124565],10.1746,-32.2197,19.3793,-0.688259,-0.714691,-0.124565,0.573671,0.0,-0.7
188,2421,HD2,G,[ 10.912 -43.551  16.084],,97.0,LYS,0.85,0.795114,[ 10.4954 -36.6799  19.8438],0.0,4.2,0.15647749157007362,[-0.968839  0.186876 -0.162569],10.4954,-36.6799,19.8438,-0.968839,0.186876,-0.162569,0.795114,0.0,4.2
189,680,HD3,G,[ 10.551 -44.528  17.244],,97.0,LYS,11.89,0.962084,[ 10.908  -40.0515  19.1965],0.0,0.906625,0.10909145155906072,[-0.925229  0.361776 -0.114321],10.908,-40.0515,19.1965,-0.925229,0.361776,-0.114321,0.962084,0.0,0.906625
190,9621,HE2,G,[  9.755 -42.711  18.53 ],,97.0,LYS,0.85,0.659786,[  9.66263 -35.8932   21.5842 ],0.0,4.2,0.22912283049871518,[-0.828093  0.509779 -0.233212],9.66263,-35.8932,21.5842,-0.828093,0.509779,-0.233212,0.659786,0.0,4.2
191,5497,HZ3,G,[  8.203 -43.677  17.15 ],,97.0,LYS,19.54,0.682027,[  8.99275 -36.991    21.437  ],0.0,4.2,0.2565162514289703,[-0.9642    -0.0316727 -0.263278 ],8.99275,-36.991,21.437,-0.9642,-0.0316727,-0.263278,0.682027,0.0,4.2
192,963,HB2,I,[ -3.78  -34.023  21.842],,85.0,ALA,22.09,0.732543,[  8.90175 -45.605    22.025  ],0.0,-3.9,-0.02288040586033561,[-0.348998  -0.936961   0.0174747],8.90175,-45.605,22.025,-0.348998,-0.936961,0.0174747,0.732543,0.0,-3.9
193,7198,HB3,I,[ -2.972 -33.552  20.564],,85.0,ALA,8.49,2.00181,[  8.57275 -41.0435   22.0907 ],0.0,-3.9,-0.2878850090657952,[-0.599786  0.747246  0.286146],8.57275,-41.0435,22.0907,-0.599786,0.747246,0.286146,2.00181,0.0,-3.9
194,9793,N,I,[ -4.124 -29.781  20.95 ],,86.0,GLY,0.0,3.66151,[  8.10447 -41.5578   21.1346 ],0.0,-3.9,0.2631751839688551,[-0.418033  0.869442 -0.263285],8.10447,-41.5578,21.1346,-0.418033,0.869442,-0.263285,3.66151,0.0,-3.9
195,2735,HA2,I,[ -3.237 -28.708  19.53 ],,86.0,GLY,0.0,2.18137,[  8.961  -43.9383  19.508 ],0.0,-3.9,0.06868320593402703,[-0.389279  -0.918118  -0.0743092],8.961,-43.9383,19.508,-0.389279,-0.918118,-0.0743092,2.18137,0.0,-3.9
196,9215,C,I,[ -0.057 -25.307  20.824],,87.0,SER,0.0,3.77712,[  6.24325 -41.9438   21.7111 ],0.349183,-3.9,0.02205405138270664,[-0.781857   0.622937  -0.0254561],6.24325,-41.9438,21.7111,-0.781857,0.622937,-0.0254561,3.77712,0.349183,-3.9
197,3949,CB,I,[  0.743 -27.603  21.338],,87.0,SER,3.62,1.93612,[  6.60625 -44.6558   22.0912 ],0.844108,-3.9,-0.22178686925767618,[-0.634626 -0.742299  0.215039],6.60625,-44.6558,22.0912,-0.634626,-0.742299,0.215039,1.93612,0.844108,-3.9
198,6948,,,,0.9282208131412001,,,,1.36422,[ -3.47425 -34.5788   10.5204 ],0.334391,1.8,0.12161814914179175,[-0.126616 -0.983962 -0.125644],-3.47425,-34.5788,10.5204,-0.126616,-0.983962,-0.125644,1.36422,0.334391,1.8
199,3652,,,,0.96769975871,,,,0.705931,[ -4.0645 -34.1437  13.441 ],0.261809,1.8,0.19273152403569221,[-0.174606 -0.964724 -0.197029],-4.0645,-34.1437,13.441,-0.174606,-0.964724,-0.197029,0.705931,0.261809,1.8
200,4257,,,,0.696660220654,,,,0.474362,[ -1.92875 -34.1095   13.6622 ],0.0,1.8,-0.2760178529838396,[ 0.524982 -0.804751  0.277073],-1.92875,-34.1095,13.6622,0.524982,-0.804751,0.277073,0.474362,0.0,1.8
201,5587,,,,0.9863730103974,,,,0.523633,[ -3.02437 -34.3784   13.9222 ],0.132289,1.8,-0.09249466717517957,[-0.0406374 -0.995199   0.0890323],-3.02437,-34.3784,13.9222,-0.0406374,-0.995199,0.0890323,0.523633,0.132289,1.8
202,6959,,,,0.9678344020651001,,,,1.14471,[ -3.73837 -34.5672   15.3555 ],0.0772223,1.8,0.15849577275645063,[-0.0710401 -0.984207  -0.16214  ],-3.73837,-34.5672,15.3555,-0.0710401,-0.984207,-0.16214,1.14471,0.0772223,1.8
203,324,,,,0.9810367947838999,,,,0.424515,[ -0.662  -32.1735  12.568 ],0.0,1.8,-0.10984087445375346,[0.969011 0.217429 0.117226],-0.662,-32.1735,12.568,0.969011,0.217429,0.117226,0.424515,0.0,1.8
204,4076,,,,0.99583023487275,,,,-0.137794,[ -0.941  -32.4953  10.2867],-0.608185,1.8,-0.006740424010671,[ 0.998954  -0.0436879  0.0134936],-0.941,-32.4953,10.2867,0.998954,-0.0436879,0.0134936,-0.137794,-0.608185,1.8
205,6209,,,,0.9830442573973,,,,-0.938669,[ -0.707   -31.1998    9.16725],-0.0598382,1.8,-0.10653911330429396,[ 0.986658 -0.117229  0.112975],-0.707,-31.1998,9.16725,0.986658,-0.117229,0.112975,-0.938669,-0.0598382,1.8
206,6364,,,,0.92740246370544,,,,0.518587,[ -0.70925 -33.8727   11.1873 ],0.0,1.8,0.08657601487044078,[ 0.94574   -0.314652  -0.0810598],-0.70925,-33.8727,11.1873,0.94574,-0.314652,-0.0810598,0.518587,0.0,1.8
207,9557,,,,0.887764606032,,,,0.395357,[ -0.854875 -33.3601     9.01437 ],0.0,1.8,-0.20188685225679678,[ 0.900765 -0.381864  0.206886],-0.854875,-33.3601,9.01437,0.900765,-0.381864,0.206886,0.395357,0.0,1.8
208,488,,,,0.880898811182,,,,0.414534,[ -0.257 -32.141   8.021],0.0,1.8,-0.17847823856726336,[0.960228 0.208446 0.185776],-0.257,-32.141,8.021,0.960228,0.208446,0.185776,0.414534,0.0,1.8
209,991,,,,0.7936278383850001,,,,0.506765,[ -1.79475 -34.9137   12.239  ],0.0,1.8,-0.21896329953990595,[ 0.458214 -0.861344  0.219375],-1.79475,-34.9137,12.239,0.458214,-0.861344,0.219375,0.506765,0.0,1.8
210,1895,,,,0.9968915074739999,,,,0.308319,[ -1.43125 -33.1845   14.1943 ],0.0,1.8,-0.24301668227689618,[ 0.906528 -0.341484  0.248186],-1.43125,-33.1845,14.1943,0.906528,-0.341484,0.248186,0.308319,0.0,1.8
211,4306,,,,0.839049063747,,,,0.466869,[ -1.783  -34.1527  14.7146],0.0,1.8,0.20271844498568728,[ 0.656751 -0.72696  -0.200519],-1.783,-34.1527,14.7146,0.656751,-0.72696,-0.200519,0.466869,0.0,1.8
212,6539,,,,0.9272756663906,,,,-0.505286,[ -1.238  -32.036   14.2063],-0.107609,1.8,-0.13982642294999514,[ 0.98884   -0.0267066  0.146568 ],-1.238,-32.036,14.2063,0.98884,-0.0267066,0.146568,-0.505286,-0.107609,1.8
213,5864,,,,0.9798119772054001,,,,0.602458,[ -2.55375 -34.315     9.26425],0.223176,1.8,-0.0074777073315838724,[ 0.139399   -0.990222    0.00527106],-2.55375,-34.315,9.26425,0.139399,-0.990222,0.00527106,0.602458,0.223176,1.8
214,1408,,,,0.8814722577824999,,,,0.755076,[  2.0055 -28.7178  13.3295],0.0,-0.8,-0.2747108199628678,[ 0.254562 -0.927573  0.273507],2.0055,-28.7178,13.3295,0.254562,-0.927573,0.273507,0.755076,0.0,-0.8
215,4110,,,,0.9456210321716,,,,0.583434,[  2.53912 -28.9137   12.2894 ],0.0,-0.8,-0.08327081458331789,[ 0.410478  -0.908067   0.0831997],2.53912,-28.9137,12.2894,0.410478,-0.908067,0.0831997,0.583434,0.0,-0.8
216,5410,,,,0.9833406796694,,,,1.45431,[  3.6925 -27.6667   9.906 ],0.639556,-0.8,0.05970489317974551,[ 0.211673  -0.975412  -0.0613674],3.6925,-27.6667,9.906,0.211673,-0.975412,-0.0613674,1.45431,0.639556,-0.8
217,2440,,,,0.774636129019,,,,0.847686,[  6.02362 -28.1455    9.5395 ],0.0,1.8,-0.1504815582157222,[-0.268861 -0.952113  0.145584],6.02362,-28.1455,9.5395,-0.268861,-0.952113,0.145584,0.847686,0.0,1.8
218,3624,,,,0.7634234797160001,,,,1.5037,[  4.079  -27.8704  13.7522],0.567592,-0.8,-0.2831967103785188,[-0.180218 -0.943246  0.278943],4.079,-27.8704,13.7522,-0.180218,-0.943246,0.278943,1.5037,0.567592,-0.8
219,903,,,,0.9647889372781,,,,0.65222,[  2.03125 -28.514    14.718  ],0.0,-0.8,0.1399528531961506,[ 0.346245 -0.927558 -0.140536],2.03125,-28.514,14.718,0.346245,-0.927558,-0.140536,0.65222,0.0,-0.8
220,4133,,,,0.9235586648242999,,,,0.518794,[  2.05725 -29.078    17.1964 ],0.0,-0.8,-0.11157693964415928,[ 0.415812 -0.902582  0.111561],2.05725,-29.078,17.1964,0.415812,-0.902582,0.111561,0.518794,0.0,-0.8
221,5271,,,,0.96281155023797,,,,1.34802,[  3.29625 -27.6825   14.634  ],0.620178,-0.8,-0.0992178048640354,[ 0.286056  -0.953173   0.0981443],3.29625,-27.6825,14.634,0.286056,-0.953173,0.0981443,1.34802,0.620178,-0.8
222,10089,,,,0.9841295776143,,,,0.397989,[  3.35941 -28.1663   16.1567 ],0.0,-0.8,0.2140578119213383,[ 0.214809 -0.952555 -0.21563 ],3.35941,-28.1663,16.1567,0.214809,-0.952555,-0.21563,0.397989,0.0,-0.8
223,3427,,,,0.8802266093276,,,,0.380073,[  8.73763 -29.0684   12.4213 ],0.0,1.11054,-0.2004451066767378,[-0.49408 -0.84742  0.19433],8.73763,-29.0684,12.4213,-0.49408,-0.84742,0.19433,0.380073,0.0,1.11054
224,9156,,,,0.9952477160113761,,,,0.677616,[  6.15744 -28.2616   14.5564 ],0.0,1.8,-0.09321236753890226,[-0.0181513 -0.995785   0.0899033],6.15744,-28.2616,14.5564,-0.0181513,-0.995785,0.0899033,0.677616,0.0,1.8
225,895,,,,0.925061034814,,,,0.184017,[  9.6235 -28.4245   9.067 ],0.0,0.52432,-0.186435239972834,[-0.578078 -0.795902  0.179905],9.6235,-28.4245,9.067,-0.578078,-0.795902,0.179905,0.184017,0.0,0.52432
226,4327,,,,0.951688088499,,,,0.522837,[  8.45244 -28.8112    7.91456],0.0,1.56173,-0.04466674466599827,[-0.115525 -0.992471  0.040695],8.45244,-28.8112,7.91456,-0.115525,-0.992471,0.040695,0.522837,0.0,1.56173
227,5676,,,,0.9962648530325,,,,0.869736,[  5.11575 -28.4342    7.45975],0.0,1.39135,0.044416232212051286,[-0.204576  -0.977626  -0.0489575],5.11575,-28.4342,7.45975,-0.204576,-0.977626,-0.0489575,0.869736,0.0,1.39135
228,3069,,,,0.993836099728,,,,0.554166,[  9.79625 -31.3072   12.54   ],0.0,-0.7,-0.21003789361398387,[-0.891574 -0.405032  0.202596],9.79625,-31.3072,12.54,-0.891574,-0.405032,0.202596,0.554166,0.0,-0.7
229,4029,,,,0.8830378413269999,,,,0.446861,[  9.87025 -31.172    14.6488 ],0.0,-0.7,0.26408821569833973,[-0.827842 -0.490949 -0.271379],9.87025,-31.172,14.6488,-0.827842,-0.490949,-0.271379,0.446861,0.0,-0.7
230,164,,,,0.992199948874,,,,1.09293,[ 10.447  -32.2525  12.409 ],0.0560054,-0.7,-0.08962455167945209,[-0.660023  -0.746681   0.0826836],10.447,-32.2525,12.409,-0.660023,-0.746681,0.0826836,1.09293,0.0560054,-0.7
231,3197,,,,0.764139112541,,,,0.928523,[ 10.9536 -32.358   11.3961],0.0,-0.7,0.2967919508351868,[-0.260674 -0.917129 -0.301534],10.9536,-32.358,11.3961,-0.260674,-0.917129,-0.301534,0.928523,0.0,-0.7
232,5830,,,,0.5664771009516,,,,0.692174,[ 11.6683  -32.1011    9.89175],0.0,-0.7,-0.0859370609009882,[-0.436492  -0.896139   0.0800601],11.6683,-32.1011,9.89175,-0.436492,-0.896139,0.0800601,0.692174,0.0,-0.7
233,3256,,,,0.3395924897778,,,,0.804693,[ 13.9265 -33.0592  15.444 ],0.0,2.8,0.05489305777126746,[-0.94362   -0.325086  -0.0624459],13.9265,-33.0592,15.444,-0.94362,-0.325086,-0.0624459,0.804693,0.0,2.8
234,2561,,,,0.9135673528969999,,,,0.755598,[ 12.908  -32.475   10.2535],0.0,-0.7,-0.22221659512726147,[-0.785887 -0.579811  0.214945],12.908,-32.475,10.2535,-0.785887,-0.579811,0.214945,0.755598,0.0,-0.7
235,9023,,,,0.555833693907,,,,0.796494,[ 13.0468 -34.1852  10.4867],0.0,4.2,-0.08443425083024311,[-0.970391  0.228439  0.078472],13.0468,-34.1852,10.4867,-0.970391,0.228439,0.078472,0.796494,0.0,4.2
236,4536,,,,0.8332026494979999,,,,0.350295,[  9.81588 -29.584     7.46887],0.0,-0.7,-0.20201468122406674,[-0.816178 -0.544028  0.194648],9.81588,-29.584,7.46887,-0.816178,-0.544028,0.194648,0.350295,0.0,-0.7
237,5470,,,,0.9147275389882756,,,,1.18735,[ 11.439  -40.1161  14.0426],0.0,-2.31126,-0.006482689956540419,[-0.92966     0.368417    0.00124716],11.439,-40.1161,14.0426,-0.92966,0.368417,0.00124716,1.18735,0.0,-2.31126
238,4766,,,,0.9481969799700001,,,,0.844815,[ 10.876  -36.6969   7.0505],0.0,4.2,0.11493320776169025,[-0.985472 -0.118035 -0.122114],10.876,-36.6969,7.0505,-0.985472,-0.118035,-0.122114,0.844815,0.0,4.2
239,603,,,,0.79097647127,,,,2.83131,[  9.417 -40.886   8.021],0.232145,-3.9,-0.1686437605181567,[-0.354304  0.919705  0.169147],9.417,-40.886,8.021,-0.354304,0.919705,0.169147,2.83131,0.232145,-3.9
240,2775,,,,0.7766782926056,,,,1.56924,[ 10.7972 -40.9525  14.88  ],0.0,-3.9,0.055256081893731004,[-0.77355    0.631022  -0.0585759],10.7972,-40.9525,14.88,-0.77355,0.631022,-0.0585759,1.56924,0.0,-3.9
241,4013,,,,0.9718253196108,,,,2.92334,[  8.989  -43.7713  13.7261],0.0,-3.9,-0.23313956061180216,[-0.506824 -0.831628  0.226988],8.989,-43.7713,13.7261,-0.506824,-0.831628,0.226988,2.92334,0.0,-3.9
242,4438,,,,0.9852909744977,,,,1.79327,[  9.43213 -44.5759   12.656  ],0.140423,-3.9,-0.1766439053933013,[-0.35175  -0.920291  0.171277],9.43213,-44.5759,12.656,-0.35175,-0.920291,0.171277,1.79327,0.140423,-3.9
243,1483,,,,0.888570041651,,,,3.06549,[  7.7365 -41.5985  11.705 ],0.107352,-3.9,0.293521982143516,[-0.640408  0.708837 -0.295681],7.7365,-41.5985,11.705,-0.640408,0.708837,-0.295681,3.06549,0.107352,-3.9
244,1666,,,,0.983166715151,,,,3.03103,[  8.6105 -41.1705  13.093 ],0.319,-3.9,-0.2027425450204832,[-0.517453  0.831567  0.201839],8.6105,-41.1705,13.093,-0.517453,0.831567,0.201839,3.03103,0.319,-3.9
245,9709,,,,0.8182319307999999,,,,2.74516,[  8.22437 -42.4776   14.089  ],0.236474,-3.9,-0.20699877017929127,[-0.958951  0.200002  0.201028],8.22437,-42.4776,14.089,-0.958951,0.200002,0.201028,2.74516,0.236474,-3.9
246,7749,,,,0.6067153623370001,,,,2.09248,[  8.82312 -42.1154    9.48594],0.545242,-3.9,-0.10770682640698062,[-0.958677  0.265603  0.101945],8.82312,-42.1154,9.48594,-0.958677,0.265603,0.101945,2.09248,0.545242,-3.9
247,7351,,,,0.9646753008361,,,,1.26641,[ 11.5765  -44.163     9.49175],0.0,-3.9,-0.015231418816408515,[-0.284351  -0.958666   0.0102021],11.5765,-44.163,9.49175,-0.284351,-0.958666,0.0102021,1.26641,0.0,-3.9
248,1566,,,,0.99951839398,,,,0.973575,[ 10.7647  -44.798     7.64225],0.0,-3.9,0.10397318539805686,[-0.321769 -0.940499 -0.109206],10.7647,-44.798,7.64225,-0.321769,-0.940499,-0.109206,0.973575,0.0,-3.9
249,1091,,,,0.855514474232,,,,0.514599,[ -0.604   -35.0363    2.64525],0.0,1.8,-0.22394284544523807,[ 0.405945 -0.886042  0.223915],-0.604,-35.0363,2.64525,0.405945,-0.886042,0.223915,0.514599,0.0,1.8
250,2780,,,,0.906858236151,,,,0.949111,[ -1.99625 -34.7043    1.0315 ],0.0,1.8,0.28323583305310596,[-0.0627425 -0.955953  -0.286736 ],-1.99625,-34.7043,1.0315,-0.0627425,-0.955953,-0.286736,0.949111,0.0,1.8
251,4495,,,,0.97695964914044,,,,0.629973,[ -1.81687 -34.4065    4.58488],0.234575,1.8,-0.007664142803177265,[ 0.049295   -0.998773    0.00480842],-1.81687,-34.4065,4.58488,0.049295,-0.998773,0.00480842,0.629973,0.234575,1.8
252,22,,,,0.8441545277841999,,,,0.0939131,[  0.2005 -32.4705   0.9155],0.0,1.8,0.2929404683805733,[ 0.957718   0.0289633 -0.286248 ],0.2005,-32.4705,0.9155,0.957718,0.0289633,-0.286248,0.0939131,0.0,1.8
253,501,,,,0.859395838921,,,,0.394218,[  0.263 -32.152   3.174],0.0,1.8,-0.13113988197423354,[0.974485 0.176681 0.138433],0.263,-32.152,3.174,0.974485,0.176681,0.138433,0.394218,0.0,1.8
254,1126,,,,0.993533455968,,,,-0.577031,[ 2.1000e-02 -2.9910e+01  4.0825e+00],-0.17386,-0.0305863,-0.1254402671153515,[ 0.881217 -0.454465  0.13007 ],0.021,-29.91,4.0825,0.881217,-0.454465,0.13007,-0.577031,-0.17386,-0.0305863
255,2911,,,,0.9261435987898999,,,,-0.641276,[ -0.23725 -31.0907    4.10625],-0.231529,1.8,-0.014790308420327237,[0.99968   0.0129287 0.0217299],-0.23725,-31.0907,4.10625,0.99968,0.0129287,0.0217299,-0.641276,-0.231529,1.8
256,3327,,,,0.93370688216261,,,,0.447207,[ -0.14375 -31.2499    2.85175],-0.120302,0.775542,-0.05156485585231905,[9.98290e-01 4.22615e-04 5.84559e-02],-0.14375,-31.2499,2.85175,0.99829,0.000422615,0.0584559,0.447207,-0.120302,0.775542
257,8035,,,,0.8642368474624,,,,0.436018,[  0.097625 -31.8479     1.87725 ],0.0,1.8,-0.05771606437081322,[0.984372  0.163656  0.0650336],0.097625,-31.8479,1.87725,0.984372,0.163656,0.0650336,0.436018,0.0,1.8
258,1228,,,,0.1691405799597,,,,0.488285,[  0.527  -33.6605   1.5115],0.0,1.8,0.17019972971843275,[ 0.979327 -0.118658 -0.163827],0.527,-33.6605,1.5115,0.979327,-0.118658,-0.163827,0.488285,0.0,1.8
259,3917,,,,0.883385016345,,,,0.488156,[ -0.620875 -34.1431     5.12213 ],0.0,1.8,0.1275826176613767,[ 0.79732  -0.590687 -0.123975],-0.620875,-34.1431,5.12213,0.79732,-0.590687,-0.123975,0.488156,0.0,1.8
260,6513,,,,0.999265515454,,,,0.25625,[ -0.27375 -33.0653    4.517  ],0.0,1.8,-0.2510502573451635,[ 0.929754 -0.264005  0.256628],-0.27375,-33.0653,4.517,0.929754,-0.264005,0.256628,0.25625,0.0,1.8
261,6951,,,,0.9254274212820002,,,,1.24701,[ -2.66275 -34.6605    5.73625],0.077495,1.8,0.13903490471330912,[-0.027669 -0.989423 -0.142396],-2.66275,-34.6605,5.73625,-0.027669,-0.989423,-0.142396,1.24701,0.077495,1.8
262,3571,,,,0.8573113792699999,,,,0.527534,[  1.47637 -28.6271    5.2175 ],0.0,-0.8,0.11227701130073332,[ 0.273835 -0.955062 -0.113447],1.47637,-28.6271,5.2175,0.273835,-0.955062,-0.113447,0.527534,0.0,-0.8
263,5383,,,,0.8962790964859999,,,,0.628247,[  2.39987 -28.4993    4.52738],0.0,-0.8,-0.0929150126391435,[ 0.304128 -0.94818   0.091982],2.39987,-28.4993,4.52738,0.304128,-0.94818,0.091982,0.628247,0.0,-0.8
264,8687,,,,0.93648090198992,,,,0.954117,[  4.76931 -27.5387    5.11356],0.558345,0.0947198,-0.009446666595666446,[ 0.0391002  -0.999214    0.00651924],4.76931,-27.5387,5.11356,0.0391002,-0.999214,0.00651924,0.954117,0.558345,0.0947198
265,4512,,,,0.74619148246,,,,0.08648,[ 10.1575 -28.0825   4.586 ],0.0,0.566012,-0.19147218464471633,[-0.50613  -0.842318  0.18529 ],10.1575,-28.0825,4.586,-0.50613,-0.842318,0.18529,0.08648,0.0,0.566012
266,3966,,,,0.941252707562,,,,0.573658,[ 10.2575  -31.282     5.88125],0.0,-0.7,0.2799259896475629,[-0.769419 -0.570601 -0.287069],10.2575,-31.282,5.88125,-0.769419,-0.570601,-0.287069,0.573658,0.0,-0.7
267,4504,,,,0.7919450312589998,,,,0.576634,[ 11.483  -31.615    5.2495],0.0,-0.7,0.2496679713567842,[-0.542335 -0.800217 -0.255978],11.483,-31.615,5.2495,-0.542335,-0.800217,-0.255978,0.576634,0.0,-0.7
268,6807,,,,0.8887919084110001,,,,0.207098,[  9.31262 -28.8544    6.96325],0.0,-0.7,0.29851480696383026,[-0.679566 -0.667048 -0.305347],9.31262,-28.8544,6.96325,-0.679566,-0.667048,-0.305347,0.207098,0.0,-0.7
269,141,,,,0.9543775219456001,,,,0.642922,[ 13.475  -32.0485   5.748 ],0.0,-0.7,-0.06802003341975119,[-0.629353  -0.774706   0.0612004],13.475,-32.0485,5.748,-0.629353,-0.774706,0.0612004,0.642922,0.0,-0.7
270,1756,,,,0.9397721322784,,,,0.733989,[ 11.339   -31.978     2.46075],0.136233,-0.7,0.04532006928332718,[-0.642345  -0.764636  -0.0522004],11.339,-31.978,2.46075,-0.642345,-0.764636,-0.0522004,0.733989,0.136233,-0.7
271,8469,,,,0.8959519586820001,,,,0.861836,[ 12.7055  -33.8293    3.29644],0.445128,1.28918,-0.18713398725189828,[-0.974466 -0.134244  0.179986],12.7055,-33.8293,3.29644,-0.974466,-0.134244,0.179986,0.861836,0.445128,1.28918
272,9745,,,,0.9986352319700001,,,,0.829162,[ 12.5111  -36.7796    4.41684],0.0,4.2,-0.11801092802105635,[-0.985087 -0.131637  0.110796],12.5111,-36.7796,4.41684,-0.985087,-0.131637,0.110796,0.829162,0.0,4.2
273,2551,,,,0.8271126711495874,,,,1.4647,[ 12.1397  -40.573     5.20425],0.0,-3.9,-0.010595477499832901,[-0.788528    0.614958    0.00712281],12.1397,-40.573,5.20425,-0.788528,0.614958,0.00712281,1.4647,0.0,-3.9
274,2266,,,,0.988399441898,,,,0.697783,[ 13.9761  -33.8713    5.37238],0.0,3.2979,-0.14950315112517842,[-0.933939  0.327095  0.14411 ],13.9761,-33.8713,5.37238,-0.933939,0.327095,0.14411,0.697783,0.0,3.2979
275,4287,,,,0.9782320368675,,,,1.48147,[ 11.3504 -44.4541   2.978 ],0.0,-3.9,-0.08797161168909283,[-0.312197  -0.946403   0.0827915],11.3504,-44.4541,2.978,-0.312197,-0.946403,0.0827915,1.48147,0.0,-3.9
276,1569,,,,0.867569933819,,,,2.93964,[ 10.    -40.943   3.476],0.323663,-3.9,-0.29539278714833106,[-0.363634  0.883357  0.295719],10.0,-40.943,3.476,-0.363634,0.883357,0.295719,2.93964,0.323663,-3.9
277,6843,,,,0.945396844669,,,,2.77018,[ 10.6707 -41.6001   5.1425],0.294091,-3.9,0.04390233752012197,[-0.369467   0.928226  -0.0434826],10.6707,-41.6001,5.1425,-0.369467,0.928226,-0.0434826,2.77018,0.294091,-3.9
278,4729,,,,0.8589527719114001,,,,2.80585,[  9.489 -43.135   3.803],0.0,-3.9,-0.26216013814109074,[-0.768188 -0.587255  0.254988],9.489,-43.135,3.803,-0.768188,-0.587255,0.254988,2.80585,0.0,-3.9
279,2690,,,,0.38467200039099997,,,,0.536263,[ -0.798375 -34.7721     6.30312 ],0.0,1.8,0.11925960280031105,[ 0.480979 -0.868656 -0.118724],-0.798375,-34.7721,6.30312,0.480979,-0.868656,-0.118724,0.536263,0.0,1.8
280,8029,,,,0.983271589692344,,,,-0.121886,[ -0.35625 -32.5423    5.588  ],-0.504004,1.8,0.013100857465209876,[ 0.998288   -0.0581346  -0.00639908],-0.35625,-32.5423,5.588,0.998288,-0.0581346,-0.00639908,-0.121886,-0.504004,1.8
281,3681,,,,0.9807184689445999,,,,0.585745,[  2.961   -29.0382    7.47975],0.0,-0.8,-0.11909685616263235,[ 0.471995 -0.873456  0.119562],2.961,-29.0382,7.47975,0.471995,-0.873456,0.119562,0.585745,0.0,-0.8
282,8896,,,,0.9792751223509999,,,,0.305728,[  3.80306 -28.1952    6.50313],0.0,-0.8,0.25133866935653987,[ 0.374461 -0.89245  -0.251618],3.80306,-28.1952,6.50313,0.374461,-0.89245,-0.251618,0.305728,0.0,-0.8
283,5502,,,,0.7139780949150001,,,,0.960474,[ 12.4019 -33.9038   8.585 ],0.379643,0.124782,-0.22634382143708154,[-0.974595   0.0432314  0.219764 ],12.4019,-33.9038,8.585,-0.974595,0.0432314,0.219764,0.960474,0.379643,0.124782
284,3071,,,,0.881170646742,,,,3.06724,[  8.0855 -42.292    7.592 ],0.163986,-3.9,0.11602327264516415,[-0.991371  -0.0452853 -0.123012 ],8.0855,-42.292,7.592,-0.991371,-0.0452853,-0.123012,3.06724,0.163986,-3.9
285,667,,,,0.94891540168816,,,,0.482194,[ -3.22025 -35.105    16.5085 ],0.0,1.8,0.08409826347726891,[-0.119947  -0.988864  -0.0880927],-3.22025,-35.105,16.5085,-0.119947,-0.988864,-0.0880927,0.482194,0.0,1.8
286,6145,,,,0.86034003721466,,,,0.52896,[ -3.69088 -34.2617   18.8609 ],0.225142,1.8,0.006873760560961972,[ 0.0736237  -0.99724    -0.00955713],-3.69088,-34.2617,18.8609,0.0736237,-0.99724,-0.00955713,0.52896,0.225142,1.8
287,466,,,,0.9847450377234002,,,,0.343583,[ -1.28  -32.126  17.679],0.0,1.8,-0.15665228639107406,[0.969241 0.183569 0.163932],-1.28,-32.126,17.679,0.969241,0.183569,0.163932,0.343583,0.0,1.8
288,2842,,,,0.8784557633112,,,,-0.374148,[ -1.5695 -30.1232  18.7315],-0.395969,0.699513,-0.17258688498935476,[ 0.877908 -0.444824  0.177226],-1.5695,-30.1232,18.7315,0.877908,-0.444824,0.177226,-0.374148,-0.395969,0.699513
289,2996,,,,0.99923182087305,,,,0.399117,[ -1.63437 -31.2219   17.336  ],0.0,1.8,-0.12027850187112687,[0.991844   0.00884289 0.127154  ],-1.63437,-31.2219,17.336,0.991844,0.00884289,0.127154,0.399117,0.0,1.8
290,4108,,,,0.98303453377688,,,,-0.127018,[ -1.377  -32.522   15.2105],-0.507362,1.8,0.033803191650687854,[ 0.993147  -0.113639  -0.0273151],-1.377,-32.522,15.2105,0.993147,-0.113639,-0.0273151,-0.127018,-0.507362,1.8
291,6406,,,,0.9765167475906,,,,0.119836,[ -1.90375 -32.7513   19.0834 ],-0.45939,1.8,-0.19804193239177276,[ 0.966277 -0.156865  0.204213],-1.90375,-32.7513,19.0834,0.966277,-0.156865,0.204213,0.119836,-0.45939,1.8
292,6947,,,,0.97341115067,,,,1.24577,[ -4.63794 -34.5242   20.1318 ],0.464676,1.8,0.12024668040897721,[-0.151748 -0.980555 -0.124435],-4.63794,-34.5242,20.1318,-0.151748,-0.980555,-0.124435,1.24577,0.464676,1.8
293,3672,,,,0.7498811208989999,,,,0.400195,[ -2.30562 -34.0704   19.5611 ],0.0,1.8,0.230305693708007,[ 0.688603 -0.688439 -0.227764],-2.30562,-34.0704,19.5611,0.688603,-0.688439,-0.227764,0.400195,0.0,1.8
294,3629,,,,0.9869678867488001,,,,0.679296,[  1.63038 -28.5128   19.5168 ],0.130214,-0.8,-0.02028703477858445,[ 0.385889  -0.922328   0.0199988],1.63038,-28.5128,19.5168,0.385889,-0.922328,0.0199988,0.679296,0.130214,-0.8
295,7325,,,,0.9814901457692,,,,0.303239,[ -0.308625 -28.7336    19.4536  ],-0.648504,-0.446538,-0.08928258538989658,[ 0.285231  -0.954392   0.0881992],-0.308625,-28.7336,19.4536,0.285231,-0.954392,0.0881992,0.303239,-0.648504,-0.446538
296,34,,,,0.76069475667,,,,0.804204,[  4.873  -28.5605  18.2525],0.0,1.8,-0.2448100134928054,[-0.385591 -0.891096  0.239305],4.873,-28.5605,18.2525,-0.385591,-0.891096,0.239305,0.804204,0.0,1.8
297,977,,,,0.808849740067,,,,0.630163,[  5.40175 -29.1933   17.554  ],0.0,1.8,-0.05366514072070969,[-0.286825 -0.956748  0.048626],5.40175,-29.1933,17.554,-0.286825,-0.956748,0.048626,0.630163,0.0,1.8
298,2962,,,,0.9505894893921999,,,,1.06161,[  2.927  -27.7075  19.9465],0.345684,-0.400069,0.06871542579155498,[ 0.207672  -0.975662  -0.0704066],2.927,-27.7075,19.9465,0.207672,-0.975662,-0.0704066,1.06161,0.345684,-0.400069
299,2974,,,,0.872815226025,,,,0.127808,[  2.30512 -28.252    20.6635 ],0.0,-0.8,0.2754728966672234,[ 0.361079 -0.890806 -0.27584 ],2.30512,-28.252,20.6635,0.361079,-0.890806,-0.27584,0.127808,0.0,-0.8
300,3670,,,,0.874736564925,,,,1.36144,[  3.75125 -27.8446   18.9164 ],0.568245,-0.8,-0.14694167916878081,[-0.186418 -0.972074  0.142549],3.75125,-27.8446,18.9164,-0.186418,-0.972074,0.142549,1.36144,0.568245,-0.8
301,5228,,,,0.848489175166,,,,0.0696004,[  8.31775 -28.5791   19.1941 ],0.0,1.0255,-0.16351079148182507,[-0.458517 -0.874608  0.157553],8.31775,-28.5791,19.1941,-0.458517,-0.874608,0.157553,0.0696004,0.0,1.0255
302,7803,,,,0.71417571254784,,,,0.237421,[  7.75769 -29.2917   21.6644 ],0.0,-0.7,0.09297809749897099,[-0.629885  -0.770251  -0.0997918],7.75769,-29.2917,21.6644,-0.629885,-0.770251,-0.0997918,0.237421,0.0,-0.7
303,1509,,,,0.44716189902619996,,,,0.217656,[  9.1755 -30.7325  19.3862],0.0,-0.7,0.26942695683658563,[-0.900869 -0.334455 -0.276721],9.1755,-30.7325,19.3862,-0.900869,-0.334455,-0.276721,0.217656,0.0,-0.7
304,6567,,,,0.51229588964288,,,,0.340192,[  8.96262 -29.6935   17.8151 ],0.0,-0.7,-0.022872956292263606,[-0.90626   -0.422444   0.0152686],8.96262,-29.6935,17.8151,-0.90626,-0.422444,0.0152686,0.340192,0.0,-0.7
305,6923,,,,0.9740592629799,,,,0.588149,[  9.405  -31.6917  17.3424],0.0,-0.7,-0.07785733162702783,[-0.88101   -0.467847   0.0702835],9.405,-31.6917,17.3424,-0.88101,-0.467847,0.0702835,0.588149,0.0,-0.7
306,9376,,,,0.9274262933187999,,,,0.681561,[ 11.5337 -32.7228  20.1822],0.0,-0.7,0.23501611477530188,[-0.559993 -0.792542 -0.241423],11.5337,-32.7228,20.1822,-0.559993,-0.792542,-0.241423,0.681561,0.0,-0.7
307,9708,,,,0.9533388989963999,,,,0.776642,[ 11.217  -35.873   19.9501],0.0,4.2,0.1979071487319097,[-0.756002  0.6229   -0.201136],11.217,-35.873,19.9501,-0.756002,0.6229,-0.201136,0.776642,0.0,4.2
308,10474,,,,0.5934964347030001,,,,1.68093,[ 10.1855 -40.9415  19.1187],0.0,-3.9,-0.11648880341988196,[-0.625062  0.77211   0.11465 ],10.1855,-40.9415,19.1187,-0.625062,0.77211,0.11465,1.68093,0.0,-3.9
309,8301,,,,0.8511820919689,,,,0.706871,[ 12.116  -34.3545  19.776 ],0.0,0.681958,-0.10253075472096063,[-0.994715   0.0369733  0.0957885],12.116,-34.3545,19.776,-0.994715,0.0369733,0.0957885,0.706871,0.0,0.681958
310,4118,,,,0.9787582662212,,,,1.20324,[ 10.1891 -44.5594  19.0979],0.0,-3.9,-0.0306753857619687,[-0.326634  -0.94481    0.0253991],10.1891,-44.5594,19.0979,-0.326634,-0.94481,0.0253991,1.20324,0.0,-3.9
311,8365,,,,0.8575888276420001,,,,2.73649,[  8.96663 -44.6465   16.6758 ],0.0,-3.9,0.2983715893377457,[-0.295997 -0.90575  -0.303321],8.96663,-44.6465,16.6758,-0.295997,-0.90575,-0.303321,2.73649,0.0,-3.9
312,659,,,,0.92914538330902,,,,2.56075,[  8.147 -41.149  17.663],0.232515,-3.9,-0.09159550916834878,[-0.363785   0.926923   0.0920542],8.147,-41.149,17.663,-0.363785,0.926923,0.0920542,2.56075,0.232515,-3.9
313,737,,,,0.78993368832082,,,,1.75936,[  7.603 -44.674  17.15 ],0.819264,-3.9,-0.01127902966129371,[-0.514267   -0.857615    0.00498654],7.603,-44.674,17.15,-0.514267,-0.857615,0.00498654,1.75936,0.819264,-3.9
314,3051,,,,0.8705820983217,,,,2.77657,[  6.7765 -42.5315  17.226 ],0.147111,-3.9,0.16782627595399588,[-0.984024   0.0352791 -0.174508 ],6.7765,-42.5315,17.226,-0.984024,0.0352791,-0.174508,2.77657,0.147111,-3.9
315,4277,,,,0.39520217421029996,,,,1.9911,[  7.54213 -42.2318   19.0993 ],0.492208,-3.9,-0.09666056514152502,[-0.699363   0.708544   0.0941051],7.54213,-42.2318,19.0993,-0.699363,0.708544,0.0941051,1.9911,0.492208,-3.9
316,6096,,,,0.930897783619,,,,2.39645,[  7.696  -43.4375  19.0161],0.439082,-3.9,-0.05009388254922931,[-0.733936 -0.677865  0.042862],7.696,-43.4375,19.0161,-0.733936,-0.677865,0.042862,2.39645,0.439082,-3.9
317,1236,,,,0.8409527263748,,,,0.418612,[ -1.85075 -33.9103   20.799  ],0.0,1.8,0.12761012907303917,[ 0.921628 -0.368254 -0.122433],-1.85075,-33.9103,20.799,0.921628,-0.368254,-0.122433,0.418612,0.0,1.8
318,4015,,,,0.9742076930444239,,,,-0.230396,[ -1.99825 -32.4157   20.102  ],-0.0398567,1.8,0.011464390869878632,[ 0.999964   -0.00720292 -0.00458802],-1.99825,-32.4157,20.102,0.999964,-0.00720292,-0.00458802,-0.230396,-0.0398567,1.8
319,909,,,,0.900323733045,,,,0.398633,[ -2.9795 -34.9255  21.8248],0.0,1.8,-0.23858610707380531,[ 0.379516 -0.893956  0.238351],-2.9795,-34.9255,21.8248,0.379516,-0.893956,0.238351,0.398633,0.0,1.8
320,4441,,,,0.760379224208,,,,0.719649,[ 10.156  -34.6355  22.498 ],0.482021,1.23734,-0.19178451553868758,[-0.977564  0.100041  0.185365],10.156,-34.6355,22.498,-0.977564,0.100041,0.185365,0.719649,0.482021,1.23734
321,1560,,,,0.99812096129968,,,,1.81527,[  7.819  -45.026   22.0195],0.332383,-3.9,-0.0676622717293702,[-0.309154  -0.948956   0.0624944],7.819,-45.026,22.0195,-0.309154,-0.948956,0.0624944,1.81527,0.332383,-3.9
322,986,,,,0.6088180499136,,,,3.41234,[  6.122 -43.724  21.852],0.0,-3.9,0.10139137298998865,[-0.965059 -0.238371 -0.108816],6.122,-43.724,21.852,-0.965059,-0.238371,-0.108816,3.41234,0.0,-3.9
