,chain,resid,resname,atom_type,coords,sasa,MaSIF_index,surf_coords,surf_charge,surf_hbond,surf_hphob,surf_normals,surf_norm_fibril_dot
0,E,85,ALA,N,[ -4.352 -32.786  10.675],0.0,5077,[ -5.2845 -34.3737  10.665 ],0.919082,0.0,1.17782,[ 0.0935373 -0.978713   0.182677 ],-0.18515812761420514
1,E,85,ALA,CA,[ -3.315 -32.232  11.533],0.0,1743,[ -4.549 -33.633  12.625],0.700611,0.0,1.8,[-0.201331 -0.977956  0.05538 ],-0.059896917691672685
2,E,85,ALA,C,[ -2.723 -30.999  10.871],0.0,4839,[ -0.913  -31.873   11.2098],0.294057,-0.00568582,1.8,[0.998504  0.0462843 0.0291052],-0.022066774335009445
3,E,85,ALA,O,[ -1.918 -31.114   9.943],5.36,3066,[ -0.597 -30.763  10.244],-0.568392,-0.0,1.8,[ 0.955121 -0.274045  0.112439],-0.10672252548922574
4,E,85,ALA,CB,[ -2.238 -33.278  11.794],7.25,9578,[ -0.649375 -33.6351    12.3311  ],0.508585,0.0,1.8,[ 0.898844 -0.394701  0.190503],-0.18555865767077567
5,E,85,ALA,H,[ -4.122 -33.499  10.252],5.1,1540,[ -4.649   -34.4297    9.58075],1.19436,0.334247,0.615751,[ 0.103761 -0.975902 -0.19196 ],0.1895475787339052
6,E,85,ALA,HA,[ -3.699 -31.977  12.386],0.0,1743,[ -4.549 -33.633  12.625],0.700611,0.0,1.8,[-0.201331 -0.977956  0.05538 ],-0.059896917691672685
7,E,85,ALA,HB1,[ -1.552 -32.9    12.366],11.04,9578,[ -0.649375 -33.6351    12.3311  ],0.508585,0.0,1.8,[ 0.898844 -0.394701  0.190503],-0.18555865767077567
8,E,85,ALA,HB2,[ -2.634 -34.049  12.23 ],12.74,5811,[ -2.84238 -35.0911   12.0895 ],0.493869,0.0,1.8,[-0.0925209 -0.988771   0.117355 ],-0.12115396517501008
9,E,85,ALA,HB3,[ -1.842 -33.552  10.952],7.65,8883,[ -1.60563 -34.725    11.049  ],0.54586,0.0,1.8,[ 0.404138 -0.90011  -0.162708],0.1626114936327147
10,E,86,GLY,N,[ -3.118 -29.819  11.336],0.0,9929,[ -0.795937 -30.0032    11.4214  ],0.526138,0.0,0.624499,[ 0.870855 -0.476027  0.122515],-0.11802597779194475
11,E,86,GLY,CA,[ -2.583 -28.582  10.822],0.0,9929,[ -0.795937 -30.0032    11.4214  ],0.526138,0.0,0.624499,[ 0.870855 -0.476027  0.122515],-0.11802597779194475
12,E,86,GLY,C,[ -1.452 -28.058  11.678],0.0,8476,[ -0.64275 -29.7531   12.5111 ],-0.376198,0.0,-0.4,[ 0.658135  -0.749907   0.0670645],-0.06492119874013984
13,E,86,GLY,O,[ -1.269 -28.475  12.816],0.0,8476,[ -0.64275 -29.7531   12.5111 ],-0.376198,0.0,-0.4,[ 0.658135  -0.749907   0.0670645],-0.06492119874013984
14,E,86,GLY,H,[ -3.704 -29.721  11.958],0.0,4337,[ -1.17425 -31.1816   12.2843 ],0.597094,-0.0370268,1.46296,[0.994352  0.0094323 0.10571  ],-0.09881593101857382
15,E,86,GLY,HA2,[ -2.265 -28.719   9.916],0.0,9929,[ -0.795937 -30.0032    11.4214  ],0.526138,0.0,0.624499,[ 0.870855 -0.476027  0.122515],-0.11802597779194475
16,E,86,GLY,HA3,[ -3.289 -27.918  10.778],0.0,2557,[  0.6465  -28.6076    9.98038],0.511608,-0.567085,-0.503131,[ 0.324245  -0.94146   -0.0922989],0.09152086683159238
17,E,87,SER,N,[ -0.688 -27.129  11.112],0.0,2922,[  0.348  -29.188   11.5819],0.442993,0.0,-0.758501,[ 0.286926 -0.931962 -0.221632],0.22062312715942273
18,E,87,SER,CA,[  0.458 -26.566  11.806],0.0,7795,[  2.13188 -28.9044   10.8294 ],0.494429,0.0,-0.8,[ 0.292909 -0.93081  -0.218626],0.21766218186538852
19,E,87,SER,C,[  0.801 -25.215  11.208],0.0,6771,[  3.52144 -27.981    11.1584 ],0.401476,0.0,-0.8,[ 0.294932 -0.930255 -0.218266],0.21731792652115156
20,E,87,SER,O,[  0.378 -24.881  10.1  ],0.0,2557,[  0.6465  -28.6076    9.98038],0.511608,-0.567085,-0.503131,[ 0.324245  -0.94146   -0.0922989],0.09152086683159238
21,E,87,SER,CB,[  1.676 -27.484  11.723],3.62,1664,[  0.97725 -28.5545   14.547  ],0.521665,0.0,-0.8,[ 0.0934657 -0.991444  -0.0911161],0.08858582537771487
22,E,87,SER,OG,[  2.795 -26.857  12.317],0.0,8734,[  1.32325 -29.3355   12.3162 ],0.42462,0.0,-0.8,[ 0.216634  -0.971599   0.0952071],-0.09681864934296548
23,E,87,SER,H,[ -0.819 -26.812  10.323],0.0,7795,[  2.13188 -28.9044   10.8294 ],0.494429,0.0,-0.8,[ 0.292909 -0.93081  -0.218626],0.21766218186538852
24,E,87,SER,HA,[  0.221 -26.467  12.741],0.0,6177,[  3.8225 -28.3065  12.594 ],1.32102,0.0,-0.364465,[ 0.044822  -0.997582   0.0531176],-0.05599897798005203
25,E,87,SER,HB2,[  1.489 -28.323  12.173],10.19,7356,[  7.76963 -27.9219   14.2944 ],0.321871,0.0,1.8,[-0.0679866  -0.997667    0.00613812],-0.009799484915313805
26,E,87,SER,HB3,[  1.868 -27.696  10.796],3.4,7806,[  7.54338 -28.7549   12.1993 ],0.599348,0.0,1.8,[-0.007939 -0.970982 -0.23902 ],0.2358512541583432
27,E,87,SER,HG,[  2.987 -27.248  13.035],3.4,7893,[  8.83394 -28.0336   10.3549 ],-0.233371,0.0,1.8,[-0.370472 -0.920789 -0.122056],0.11654984323799028
28,E,90,ALA,N,[  6.277 -24.966  11.833],0.0,7629,[  6.04362 -28.7216   11.1962 ],0.719429,0.0,1.8,[-0.0745279 -0.956268  -0.282837 ],0.2792546208833507
29,E,90,ALA,CA,[  6.851 -26.054  12.61 ],0.0,1215,[  5.00375 -27.717    10.0618 ],1.13107,0.391179,0.461903,[-0.263837 -0.958403 -0.108879],0.10398862284424319
30,E,90,ALA,C,[  8.337 -26.178  12.308],0.0,7356,[  7.76963 -27.9219   14.2944 ],0.321871,0.0,1.8,[-0.0679866  -0.997667    0.00613812],-0.009799484915313805
31,E,90,ALA,O,[  8.727 -26.527  11.191],0.0,10143,[  6.1905 -29.049   13.0108],0.640549,0.0,1.8,[-0.116789 -0.985894  0.119892],-0.12384913073421083
32,E,90,ALA,CB,[  6.129 -27.361  12.303],7.25,7968,[  4.822  -28.1998  11.4757],0.930977,0.0,1.8,[-0.220264 -0.939649 -0.261808],0.25727385812923564
33,E,90,ALA,H,[  5.738 -25.217  11.212],0.0,7629,[  6.04362 -28.7216   11.1962 ],0.719429,0.0,1.8,[-0.0745279 -0.956268  -0.282837 ],0.2792546208833507
34,E,90,ALA,HA,[  6.741 -25.861  13.554],0.0,5861,[  9.7    -29.3644  13.6261],0.143298,0.0,-0.7,[-0.93616  -0.310857  0.164234],-0.17168328522323373
35,E,90,ALA,HB1,[  6.52  -28.078  12.826],11.89,5861,[  9.7    -29.3644  13.6261],0.143298,0.0,-0.7,[-0.93616  -0.310857  0.164234],-0.17168328522323373
36,E,90,ALA,HB2,[  5.19  -27.273  12.528],0.0,9889,[ 10.5245 -31.9802  13.6642],0.840412,0.0,-0.7,[-0.743625 -0.658979  0.113   ],-0.12023627357888618
37,E,90,ALA,HB3,[  6.217 -27.565  11.359],3.4,9889,[ 10.5245 -31.9802  13.6642],0.840412,0.0,-0.7,[-0.743625 -0.658979  0.113   ],-0.12023627357888618
38,E,92,THR,N,[ 11.859 -28.001  12.879],0.0,6574,[  9.41413 -30.8538   11.2186 ],0.507509,0.0,-0.7,[-0.943806 -0.196183 -0.265974],0.25882646925153235
39,E,92,THR,CA,[ 12.451 -29.26   13.299],0.0,727,[ 12.518  -31.8635  15.272 ],0.254168,-0.94655,-0.7,[-0.0383246 -0.975228   0.217858 ],-0.221236779712483
40,E,92,THR,C,[ 13.821 -29.424  12.669],0.0,360,[  9.6745 -30.7143  13.4782],0.418639,0.0,-0.7,[-0.957569  -0.283054   0.0542464],-0.06175761540138684
41,E,92,THR,O,[ 14.07  -28.963  11.556],0.0,4064,[ 11.2926 -32.9676  12.2472],2.09438,0.683713,-0.7,[-0.740065 -0.644172 -0.19325 ],0.18607681768213633
42,E,92,THR,CB,[ 11.559 -30.457  12.967],0.0,1944,[  9.687  -31.9018  11.2998],0.678289,0.0,-0.7,[-0.724818 -0.676244 -0.131658],0.12448917182475887
43,E,92,THR,OG1,[ 12.29  -31.67   13.176],1.07,7614,[  9.334  -29.9004  11.788 ],0.290369,0.0,-0.7,[-0.950327  -0.310933  -0.0141527],0.0066002652601702605
44,E,92,THR,CG2,[ 11.015 -30.383  11.588],2.42,1371,[ 10.172  -30.3638   9.775 ],0.250954,0.0,-0.7,[-0.922175 -0.252787 -0.292731],0.28555081742142585
45,E,92,THR,H,[ 12.038 -27.775  12.069],0.0,6344,[ 10.6781 -38.317   11.9371],0.995612,0.0,4.2,[-0.999243   -0.0386368   0.00460691],-0.011624988718881216
46,E,92,THR,HA,[ 12.543 -29.234  14.264],0.0,6344,[ 10.6781 -38.317   11.9371],0.995612,0.0,4.2,[-0.999243   -0.0386368   0.00460691],-0.011624988718881216
47,E,92,THR,HB,[ 10.794 -30.441  13.563],4.25,7382,[ 11.2692 -34.8333  12.3554],0.819393,0.0,4.2,[-0.870286   0.484315  -0.0896703],0.08521267414672481
48,E,92,THR,HG1,[ 11.8   -32.328  12.995],7.65,3686,[ 12.1595  -37.5395    9.12362],0.96363,0.0,4.2,[-0.96994  -0.140632  0.198595],-0.2057316618498042
49,E,92,THR,HG21,[ 10.457 -31.158  11.418],16.14,6344,[ 10.6781 -38.317   11.9371],0.995612,0.0,4.2,[-0.999243   -0.0386368   0.00460691],-0.011624988718881216
50,E,92,THR,HG22,[ 10.485 -29.576  11.492],0.85,2462,[ 11.4535 -40.712   10.0175],1.6072,0.0,-3.9,[-0.73082   0.627775 -0.267955],0.26491356747015266
51,E,92,THR,HG23,[ 11.747 -30.367  10.952],0.0,1434,[ 11.6225 -38.9545  14.2878],0.943089,0.0,4.2,[-0.994105   0.0220387  0.106162 ],-0.11294753539504124
52,E,95,VAL,N,[ 15.161 -36.025  11.75 ],0.0,7382,[ 11.2692 -34.8333  12.3554],0.819393,0.0,4.2,[-0.870286   0.484315  -0.0896703],0.08521267414672481
53,E,95,VAL,CA,[ 14.551 -37.234  12.293],0.0,9930,[ 11.3651 -36.9354  14.3647],0.914662,0.0,4.2,[-0.996854   0.0288305  0.073829 ],-0.08061270446311765
54,E,95,VAL,C,[ 15.412 -38.412  11.857],0.0,7382,[ 11.2692 -34.8333  12.3554],0.819393,0.0,4.2,[-0.870286   0.484315  -0.0896703],0.08521267414672481
55,E,95,VAL,O,[ 15.596 -38.633  10.655],0.0,10302,[ 16.4347 -43.1064  14.8698],0.081035,0.761128,-3.9,[ 0.984916  -0.151985   0.0827102],-0.07639842386250947
56,E,95,VAL,CB,[ 13.099 -37.441  11.816],0.0,5681,[ 14.9684 -45.3725  14.4596],-0.877833,0.0,-3.9,[-0.355125 -0.922367  0.152068],-0.15746539054000122
57,E,95,VAL,CG1,[ 12.616 -38.822  12.192],1.21,6282,[ 15.8278 -46.5967  11.8525],-10.679,0.0,-3.9,[-0.117306 -0.950615 -0.28735 ],0.2834904191721736
58,E,95,VAL,CG2,[ 12.152 -36.423  12.419],3.62,6439,[ 17.5011 -46.2584  12.0819],-2.6465,-0.728745,-3.9,[ 0.592756 -0.798443 -0.105492],0.10702389987356611
59,E,95,VAL,H,[ 15.467 -36.127  10.953],0.0,7809,[ 13.3684 -46.0111  12.5553],0.0600936,0.0,-3.9,[-0.287696  -0.957653  -0.0114298],0.006380017522745719
60,E,95,VAL,HA,[ 14.509 -37.155  13.259],0.0,1918,[ 12.5037 -44.5573  14.114 ],0.459037,0.0,-3.9,[-0.281889 -0.934983  0.215282],-0.22021261944785459
61,E,95,VAL,HB,[ 13.102 -37.332  10.852],0.0,898,[ 10.3392 -45.1505  12.4312],0.844255,0.0,-3.9,[-0.424679  -0.905189   0.0167731],-0.022599342292521286
62,E,95,VAL,HG11,[ 11.703 -38.94   11.887],10.19,7199,[  9.94   -40.6603  12.4858],2.3848,0.0,-3.9,[-0.66509   0.725861  0.175446],-0.17770722394489008
63,E,95,VAL,HG12,[ 13.184 -39.488  11.775],0.0,9818,[  9.50275 -41.1927   11.5262 ],3.71894,0.0,-3.9,[-0.408723  0.888727 -0.207627],0.20764474042522094
64,E,95,VAL,HG13,[ 12.65  -38.926  13.156],0.0,2340,[ 17.2246 -42.378   10.1766],0.0236926,0.316537,-3.9,[ 0.933985  -0.35366    0.0509655],-0.04565139790148893
65,E,95,VAL,HG21,[ 11.252 -36.586  12.096],19.54,5681,[ 14.9684 -45.3725  14.4596],-0.877833,0.0,-3.9,[-0.355125 -0.922367  0.152068],-0.15746539054000122
66,E,95,VAL,HG22,[ 12.167 -36.5    13.386],0.85,9370,[ 13.9023 -44.8667  10.215 ],0.0724437,0.0,-3.9,[-0.284797 -0.924491 -0.253389],0.24845834096753572
67,E,95,VAL,HG23,[ 12.43  -35.53   12.162],1.7,7809,[ 13.3684 -46.0111  12.5553],0.0600936,0.0,-3.9,[-0.287696  -0.957653  -0.0114298],0.006380017522745719
68,E,97,LYS,N,[ 15.844 -42.697  12.41 ],0.0,1918,[ 12.5037 -44.5573  14.114 ],0.459037,0.0,-3.9,[-0.281889 -0.934983  0.215282],-0.22021261944785459
69,E,97,LYS,CA,[ 15.213 -43.917  12.895],0.0,1918,[ 12.5037 -44.5573  14.114 ],0.459037,0.0,-3.9,[-0.281889 -0.934983  0.215282],-0.22021261944785459
70,E,97,LYS,C,[ 16.083 -45.129  12.582],20.53,2778,[ 10.6275 -43.7539  10.2349],2.22965,0.0,-3.9,[-0.337173 -0.931757 -0.1347  ],0.1293881375285473
71,E,97,LYS,O,[ 17.253 -44.99   12.229],28.93,898,[ 10.3392 -45.1505  12.4312],0.844255,0.0,-3.9,[-0.424679  -0.905189   0.0167731],-0.022599342292521286
72,E,97,LYS,CB,[ 13.822 -44.099  12.284],1.21,9232,[  9.29   -41.8601  14.7621],3.08331,0.315151,-3.9,[-0.399492   0.911997   0.0931034],-0.09293881193140834
73,E,97,LYS,CG,[ 12.764 -43.147  12.809],0.0,7199,[  9.94   -40.6603  12.4858],2.3848,0.0,-3.9,[-0.66509   0.725861  0.175446],-0.17770722394489008
74,E,97,LYS,CD,[ 11.415 -43.41   12.184],1.21,9589,[  7.47675 -41.9481   12.6053 ],2.86832,0.540911,-3.9,[-0.941512    0.336854    0.00918581],-0.014603885779335668
75,E,97,LYS,CE,[ 10.383 -42.431  12.7  ],1.21,9818,[  9.50275 -41.1927   11.5262 ],3.71894,0.0,-3.9,[-0.408723  0.888727 -0.207627],0.20764474042522094
76,E,97,LYS,NZ,[  9.049 -42.669  12.093],2.19,558,[  8.06625 -44.3908   12.2157 ],2.0639,0.727838,-3.9,[-0.600161 -0.799695 -0.017188],0.010487556842946213
77,E,97,LYS,H,[ 16.213 -42.77   11.637],0.0,8116,[ -3.29763 -34.0813    2.44887],0.562814,0.0,1.8,[-0.116166 -0.983216  0.140682],-0.1446256617867714
78,E,97,LYS,HA,[ 15.116 -43.839  13.857],0.0,8116,[ -3.29763 -34.0813    2.44887],0.562814,0.0,1.8,[-0.116166 -0.983216  0.140682],-0.1446256617867714
79,E,97,LYS,HB2,[ 13.889 -43.989  11.323],0.85,7152,[-2.43750e-02 -3.03765e+01  2.02550e+00],0.470499,0.0,0.782939,[ 0.928344 -0.351326  0.121439],-0.11615431381227961
80,E,97,LYS,HB3,[ 13.528 -45.009  12.446],13.59,9171,[  0.34675  -30.3988     0.645375],-0.162069,-0.297218,1.8,[ 0.959149 -0.154398 -0.237055],0.24317202372984306
81,E,97,LYS,HG2,[ 12.697 -43.237  13.773],0.0,4910,[ -1.23662 -35.1379    1.83413],0.54912,0.0,1.8,[ 0.0215931 -0.980994  -0.192832 ],0.18983631743784476
82,E,97,LYS,HG3,[ 13.032 -42.233  12.627],0.0,5660,[ -2.8955 -34.828    0.489 ],1.04599,0.666206,1.8,[ 0.156677 -0.967067 -0.200583],0.1985637105456784
83,E,97,LYS,HD2,[ 11.481 -43.338  11.219],0.85,8116,[ -3.29763 -34.0813    2.44887],0.562814,0.0,1.8,[-0.116166 -0.983216  0.140682],-0.1446256617867714
84,E,97,LYS,HD3,[ 11.134 -44.317  12.382],13.59,8149,[  0.509313 -33.579      2.85669 ],0.492727,0.0,1.8,[ 0.932074 -0.28447   0.224311],-0.21878367027107487
85,E,97,LYS,HE2,[ 10.318 -42.507  13.665],0.85,9053,[ -2.1195  -34.9543    2.96125],0.514355,0.0,1.8,[-0.264735 -0.950949  0.160035],-0.16489994718558507
86,E,97,LYS,HE3,[ 10.67  -41.525  12.506],1.7,4039,[ -0.117625 -34.6632     1.42625 ],0.520767,0.0,1.8,[ 0.542217 -0.792167 -0.280129],0.2813272250584734
87,E,97,LYS,HZ1,[  8.466 -42.079  12.416],22.09,7152,[-2.43750e-02 -3.03765e+01  2.02550e+00],0.470499,0.0,0.782939,[ 0.928344 -0.351326  0.121439],-0.11615431381227961
88,E,97,LYS,HZ2,[  9.104 -42.578  11.209],7.65,7152,[-2.43750e-02 -3.03765e+01  2.02550e+00],0.470499,0.0,0.782939,[ 0.928344 -0.351326  0.121439],-0.11615431381227961
89,E,97,LYS,HZ3,[  8.776 -43.493  12.289],22.09,9352,[  0.805375 -29.5533     1.99481 ],0.444786,0.0,-0.719475,[ 0.529475 -0.841338 -0.108659],0.10961692173702736
90,A,85,ALA,N,[ -3.238 -33.008   1.053],1.09,8498,[  0.366625 -29.8501     2.88825 ],-0.462727,0.0,-0.4,[ 0.693163 -0.712131  0.111331],-0.10882385291430563
91,A,85,ALA,CA,[ -2.22  -32.419   1.91 ],0.0,7152,[-2.43750e-02 -3.03765e+01  2.02550e+00],0.470499,0.0,0.782939,[ 0.928344 -0.351326  0.121439],-0.11615431381227961
92,A,85,ALA,C,[ -1.669 -31.168   1.246],0.0,9171,[  0.34675  -30.3988     0.645375],-0.162069,-0.297218,1.8,[ 0.959149 -0.154398 -0.237055],0.24317202372984306
93,A,85,ALA,O,[ -0.861 -31.258   0.318],31.07,9352,[  0.805375 -29.5533     1.99481 ],0.444786,0.0,-0.719475,[ 0.529475 -0.841338 -0.108659],0.10961692173702736
94,A,85,ALA,CB,[ -1.109 -33.428   2.172],7.25,4606,[  2.18863 -29.3464    2.67175],0.385254,0.0,-0.8,[ 0.248411 -0.949115  0.19358 ],-0.19489750372885192
95,A,85,ALA,H,[ -2.984 -33.713   0.631],11.89,4397,[  3.4345  -28.9676    2.70138],0.485186,0.0,-0.8,[ 0.441953  -0.89527    0.0562997],-0.056113471694350055
96,A,85,ALA,HA,[ -2.612 -32.175   2.763],0.0,18,[  4.245 -28.252   3.347],1.90472,0.0,-0.8,[ 0.260355 -0.925229  0.275983],-0.27713927724317716
97,A,85,ALA,HB1,[ -0.436 -33.027   2.744],11.04,7534,[  1.01044 -28.9622    3.9925 ],-0.387798,-0.538105,-0.4,[ 0.477353 -0.853076  0.210705],-0.21013503800337807
98,A,85,ALA,HB2,[ -1.479 -34.211   2.609],13.59,4606,[  2.18863 -29.3464    2.67175],0.385254,0.0,-0.8,[ 0.248411 -0.949115  0.19358 ],-0.19489750372885192
99,A,85,ALA,HB3,[ -0.704 -33.689   1.33 ],16.14,1913,[  4.2115  -28.4438    2.15775],0.116867,0.0,-0.8,[ 0.315371 -0.932427 -0.176412],0.17559921125926428
100,A,86,GLY,N,[ -2.103 -30.001   1.709],0.0,18,[  4.245 -28.252   3.347],1.90472,0.0,-0.8,[ 0.260355 -0.925229  0.275983],-0.27713927724317716
101,A,86,GLY,CA,[ -1.61  -28.747   1.193],0.0,3934,[  8.30906 -28.7543    2.83962],0.556901,0.0,1.8,[ 0.158221  -0.987018  -0.0275846],0.025517123439636455
102,A,86,GLY,C,[ -0.498 -28.185   2.049],0.0,2907,[  9.4   -28.661   2.999],0.464637,0.0,1.24598,[-0.291598  -0.951878   0.0943369],-0.09939206846673797
103,A,86,GLY,O,[ -0.3   -28.594   3.187],1.07,2907,[  9.4   -28.661   2.999],0.464637,0.0,1.24598,[-0.291598  -0.951878   0.0943369],-0.09939206846673797
104,A,86,GLY,H,[ -2.691 -29.921   2.331],0.0,4395,[  5.62275 -28.352     2.712  ],0.685512,0.0,1.8,[-0.145596   -0.989322   -0.00653997],0.002369452477658149
105,A,86,GLY,HA2,[ -1.288 -28.875   0.287],12.74,7940,[  6.92375 -28.1564    4.9075 ],0.679413,0.0,1.8,[-0.0375269 -0.993437   0.108054 ],-0.11148871721318299
106,A,86,GLY,HA3,[ -2.338 -28.107   1.148],0.0,9451,[  7.1455  -28.9126    3.37063],0.602733,0.0,1.8,[-0.108067 -0.969812  0.2186  ],-0.22244263618413962
107,A,87,SER,N,[  0.235 -27.232   1.481],0.0,4395,[  5.62275 -28.352     2.712  ],0.685512,0.0,1.8,[-0.145596   -0.989322   -0.00653997],0.002369452477658149
108,A,87,SER,CA,[  1.362 -26.63    2.174],0.0,4395,[  5.62275 -28.352     2.712  ],0.685512,0.0,1.8,[-0.145596   -0.989322   -0.00653997],0.002369452477658149
109,A,87,SER,C,[  1.66  -25.269   1.575],0.0,685,[ 10.7545 -29.0182   4.586 ],-0.059019,0.0,-0.7,[-0.93985  -0.301083 -0.161341],0.15388811866531638
110,A,87,SER,O,[  1.226 -24.951   0.467],19.29,685,[ 10.7545 -29.0182   4.586 ],-0.059019,0.0,-0.7,[-0.93985  -0.301083 -0.161341],0.15388811866531638
111,A,87,SER,CB,[  2.61  -27.506   2.093],3.62,6765,[ 11.3883  -31.3557    3.96994],0.520932,0.0,-0.7,[-0.810542 -0.559874  0.171939],-0.1793181562589272
112,A,87,SER,OG,[  3.708 -26.842   2.686],0.0,1847,[ 11.9925 -32.7425   3.245 ],1.34671,0.784891,-0.7,[-0.781862  -0.622508   0.0342842],-0.04166987273615487
113,A,87,SER,H,[  0.093 -26.921   0.692],4.25,3081,[ 10.8525  -31.055     2.91575],0.554715,0.0,-0.7,[-0.898194 -0.403011  0.175581],-0.1830628842247843
114,A,87,SER,HA,[  1.121 -26.539   3.109],0.0,685,[ 10.7545 -29.0182   4.586 ],-0.059019,0.0,-0.7,[-0.93985  -0.301083 -0.161341],0.15388811866531638
115,A,87,SER,HB2,[  2.451 -28.35    2.544],11.89,9560,[ 10.6975  -30.117     4.52281],0.3135,0.0,-0.7,[-0.949254 -0.258333 -0.179389],0.1720075075179122
116,A,87,SER,HB3,[  2.81  -27.712   1.166],17.84,1847,[ 11.9925 -32.7425   3.245 ],1.34671,0.784891,-0.7,[-0.781862  -0.622508   0.0342842],-0.04166987273615487
117,A,87,SER,HG,[  3.826 -27.136   3.464],2.55,1198,[ 10.6895 -31.5305   1.3945],0.562272,0.0,-0.7,[-0.77899  -0.555345 -0.291149],0.283988651594687
118,A,90,ALA,N,[  7.124 -24.837   2.2  ],0.0,6531,[ 10.3621  -29.4029    3.02238],0.4383,0.0,-0.7,[-0.887298 -0.433032  0.158702],-0.1662052565510003
119,A,90,ALA,CA,[  7.735 -25.904   2.979],0.0,1198,[ 10.6895 -31.5305   1.3945],0.562272,0.0,-0.7,[-0.77899  -0.555345 -0.291149],0.283988651594687
120,A,90,ALA,C,[  9.223 -25.978   2.677],0.0,6821,[ 12.1429  -37.6628    2.99537],0.807669,0.0,4.2,[-0.975242 -0.1796    0.129021],-0.13632095009531173
121,A,90,ALA,O,[  9.625 -26.316   1.56 ],21.43,8067,[ 12.0245 -38.7095   2.7665],0.850367,0.0,4.2,[-0.968934  0.211301  0.128523],-0.1345285910560086
122,A,90,ALA,CB,[  7.056 -27.235   2.674],7.25,2753,[ 12.0107 -35.1077   2.8335],0.680595,0.0,4.2,[-0.888809   0.456808   0.0366804],-0.04135019831026355
123,A,90,ALA,H,[  6.593 -25.107   1.58 ],5.95,6821,[ 12.1429  -37.6628    2.99537],0.807669,0.0,4.2,[-0.975242 -0.1796    0.129021],-0.13632095009531173
124,A,90,ALA,HA,[  7.62  -25.714   3.923],0.0,8067,[ 12.0245 -38.7095   2.7665],0.850367,0.0,4.2,[-0.968934  0.211301  0.128523],-0.1345285910560086
125,A,90,ALA,HB1,[  7.471 -27.938   3.198],11.89,8067,[ 12.0245 -38.7095   2.7665],0.850367,0.0,4.2,[-0.968934  0.211301  0.128523],-0.1345285910560086
126,A,90,ALA,HB2,[  6.114 -27.177   2.899],0.0,8445,[ 12.877   -38.6188    4.64625],0.86398,0.0,4.2,[-0.99785     0.0655184  -0.00155246],-0.005122897694358937
127,A,90,ALA,HB3,[  7.15  -27.438   1.73 ],15.29,5809,[ 11.4664  -36.4835    2.28262],0.6886,0.0,4.2,[-0.978541 -0.127665 -0.161739],0.15457406962063186
128,A,92,THR,N,[ 12.805 -27.682   3.251],0.0,6728,[ 12.774   -35.4075    4.41325],0.724784,0.0,4.2,[-0.896662  0.333046  0.291681],-0.29679363855095164
129,A,92,THR,CA,[ 13.438 -28.92    3.673],0.0,2753,[ 12.0107 -35.1077   2.8335],0.680595,0.0,4.2,[-0.888809   0.456808   0.0366804],-0.04135019831026355
130,A,92,THR,C,[ 14.813 -29.039   3.043],0.0,7501,[ 17.7617 -43.1673   5.171 ],-0.0787655,0.178558,-3.9,[0.985795  0.0212573 0.166604 ],-0.1597293732929629
131,A,92,THR,O,[ 15.047 -28.571   1.929],8.57,7501,[ 17.7617 -43.1673   5.171 ],-0.0787655,0.178558,-3.9,[0.985795  0.0212573 0.166604 ],-0.1597293732929629
132,A,92,THR,CB,[ 12.586 -30.146   3.342],0.0,857,[ 17.295 -46.344   2.663],-15.5662,0.0,-3.9,[-0.08693  -0.978808 -0.185411],0.18167373922512772
133,A,92,THR,OG1,[ 13.358 -31.335   3.553],1.07,954,[ 19.449   -45.4398    3.28075],-1.40405,-0.422398,-3.9,[ 0.731768 -0.61671   0.290144],-0.28705997796806276
134,A,92,THR,CG2,[ 12.041 -30.093   1.963],12.08,6857,[ 14.8453  -45.6122    3.01781],0.121816,0.0,-3.9,[-0.273263 -0.957934  0.087691],-0.09263923142157961
135,A,92,THR,H,[ 12.977 -27.452   2.44 ],2.55,1292,[ 13.8278  -44.17      4.46075],0.539633,0.0,-3.9,[-0.231032 -0.9334    0.274569],-0.27914193694078365
136,A,92,THR,HA,[ 13.529 -28.891   4.638],0.0,3739,[ 12.4905  -45.0112    2.85975],0.676395,0.0,-3.9,[-0.218421 -0.965032  0.144933],-0.14952389077787895
137,A,92,THR,HB,[ 11.82  -30.154   3.937],5.1,7187,[ 11.31    -40.399     2.87675],2.12789,0.0,-3.9,[-0.642253  0.757321 -0.11822 ],0.11620852671812545
138,A,92,THR,HG1,[ 12.89  -32.009   3.373],5.95,7714,[  8.943 -42.846   2.675],2.89301,0.0,-3.9,[-0.975871  -0.210811  -0.0568632],0.04945366383393812
139,A,92,THR,HG21,[ 11.509 -30.886   1.794],21.24,7541,[ 20.2635  -42.7845    3.16313],0.358645,-0.433675,-3.9,[ 0.813584  -0.580971  -0.0235477],0.02730152955859066
140,A,92,THR,HG22,[ 11.485 -29.304   1.865],4.25,7501,[ 17.7617 -43.1673   5.171 ],-0.0787655,0.178558,-3.9,[0.985795  0.0212573 0.166604 ],-0.1597293732929629
141,A,92,THR,HG23,[ 12.772 -30.054   1.327],12.74,6857,[ 14.8453  -45.6122    3.01781],0.121816,0.0,-3.9,[-0.273263 -0.957934  0.087691],-0.09263923142157961
142,A,95,VAL,N,[ 16.373 -35.593   2.133],0.0,6857,[ 14.8453  -45.6122    3.01781],0.121816,0.0,-3.9,[-0.273263 -0.957934  0.087691],-0.09263923142157961
143,A,95,VAL,CA,[ 15.803 -36.821   2.678],0.0,1292,[ 13.8278  -44.17      4.46075],0.539633,0.0,-3.9,[-0.231032 -0.9334    0.274569],-0.27914193694078365
144,A,95,VAL,C,[ 16.703 -37.971   2.244],0.0,1292,[ 13.8278  -44.17      4.46075],0.539633,0.0,-3.9,[-0.231032 -0.9334    0.274569],-0.27914193694078365
145,A,95,VAL,O,[ 16.894 -38.186   1.042],24.64,3739,[ 12.4905  -45.0112    2.85975],0.676395,0.0,-3.9,[-0.218421 -0.965032  0.144933],-0.14952389077787895
146,A,95,VAL,CB,[ 14.359 -37.077   2.201],0.0,3739,[ 12.4905  -45.0112    2.85975],0.676395,0.0,-3.9,[-0.218421 -0.965032  0.144933],-0.14952389077787895
147,A,95,VAL,CG1,[ 13.922 -38.473   2.579],2.42,6182,[ 11.5766  -43.6325    4.54663],2.01816,0.0,-3.9,[-0.303124 -0.916277  0.261826],-0.2668419336212317
148,A,95,VAL,CG2,[ 13.378 -36.09    2.803],4.83,7187,[ 11.31    -40.399     2.87675],2.12789,0.0,-3.9,[-0.642253  0.757321 -0.11822 ],0.11620852671812545
149,A,95,VAL,H,[ 16.683 -35.686   1.336],5.1,4636,[  9.07925 -41.2371    3.12212],2.12326,0.859226,-3.9,[-0.73462   0.656675  0.17062 ],-0.17358249582725227
150,A,95,VAL,HA,[ 15.758 -36.742   3.644],0.0,7714,[  8.943 -42.846   2.675],2.89301,0.0,-3.9,[-0.975871  -0.210811  -0.0568632],0.04945366383393812
151,A,95,VAL,HB,[ 14.359 -36.969   1.237],14.44,5894,[ 10.0434 -44.2597   2.816 ],2.54044,0.805132,-3.9,[-0.481464  -0.875673   0.0372798],-0.0434028060028166
152,A,95,VAL,HG11,[ 13.013 -38.622   2.274],11.04,8858,[ -4.13338 -33.7925    7.5495 ],0.60679,0.0,1.58506,[-0.133005 -0.970945  0.198938],-0.20295689730830097
153,A,95,VAL,HG12,[ 14.512 -39.121   2.163],2.55,8858,[ -4.13338 -33.7925    7.5495 ],0.60679,0.0,1.58506,[-0.133005 -0.970945  0.198938],-0.20295689730830097
154,A,95,VAL,HG13,[ 13.96  -38.574   3.543],0.0,8333,[ -0.418   -31.8339    6.72188],0.450572,0.0,1.8,[0.990973  0.0926242 0.0969192],-0.08978249266501334
155,A,95,VAL,HG21,[ 12.484 -36.284   2.48 ],20.39,411,[-1.050e-02 -3.104e+01  5.313e+00],-0.333579,-0.0144672,1.8,[ 0.997545  -0.0609593  0.0344712],-0.02778240639469719
156,A,95,VAL,HG22,[ 13.395 -36.165   3.77 ],0.0,4875,[ -1.80037 -35.1029    6.68113],0.563563,0.0,1.8,[-0.0266119 -0.993257  -0.112836 ],0.10947078455109076
157,A,95,VAL,HG23,[ 13.626 -35.188   2.545],4.25,208,[ -4.098  -34.7715   5.1045],0.898289,0.296681,0.527237,[ 0.141275 -0.970242 -0.196652],0.19451639372868743
158,A,97,LYS,N,[ 17.277 -42.238   2.803],1.09,8858,[ -4.13338 -33.7925    7.5495 ],0.60679,0.0,1.58506,[-0.133005 -0.970945  0.198938],-0.20295689730830097
159,A,97,LYS,CA,[ 16.688 -43.477   3.289],0.0,7506,[  0.08025 -33.2847    7.37231],0.501649,0.0,1.8,[ 0.968296 -0.186914  0.165728],-0.1596402684373618
160,A,97,LYS,C,[ 17.597 -44.66    2.978],24.15,4484,[ -2.3335 -35.0525   8.0705],0.495721,0.0,1.8,[-0.211886 -0.946789  0.242269],-0.24675361074021948
161,A,97,LYS,O,[ 18.762 -44.483   2.625],36.43,1229,[ -0.11075 -33.9637    6.40975],0.518461,0.0,1.8,[ 0.927725 -0.348336 -0.134116],0.13939859530479323
162,A,97,LYS,CB,[ 15.304 -43.707   2.678],1.21,8582,[ -0.193687 -29.9587     6.74344 ],0.579311,0.0,0.920076,[ 0.865155   -0.501431    0.00860671],-0.004241600154556231
163,A,97,LYS,CG,[ 14.215 -42.79    3.202],0.0,8582,[ -0.193687 -29.9587     6.74344 ],0.579311,0.0,0.920076,[ 0.865155   -0.501431    0.00860671],-0.004241600154556231
164,A,97,LYS,CD,[ 12.875 -43.099   2.577],2.42,8582,[ -0.193687 -29.9587     6.74344 ],0.579311,0.0,0.920076,[ 0.865155   -0.501431    0.00860671],-0.004241600154556231
165,A,97,LYS,CE,[ 11.811 -42.154   3.092],1.21,9572,[ -0.142312 -29.8967     7.87156 ],-0.480552,0.0,-0.4,[ 0.750422  -0.66025    0.0306057],-0.027539796131739673
166,A,97,LYS,NZ,[ 10.486 -42.437   2.485],2.19,3198,[ -0.648875 -31.2388     7.69688 ],0.474264,-0.116079,0.807921,[ 0.997583   -0.00590374  0.0692358 ],-0.06236956617377193
167,A,97,LYS,H,[ 17.648 -42.3     2.03 ],8.49,5756,[ -0.127625 -30.0111     5.40637 ],0.0337935,-0.403566,1.8,[ 0.915396 -0.385057  0.117396],-0.11230870559817482
168,A,97,LYS,HA,[ 16.589 -43.4     4.251],0.0,604,[  0.54525 -29.0125    5.8105 ],0.755841,-0.03824,-0.705296,[ 0.593362  -0.804719  -0.0186687],0.020187208403806247
169,A,97,LYS,HB2,[ 15.367 -43.597   1.716],13.59,2952,[  0.866375 -29.2571     6.79712 ],0.459228,0.0,-0.758947,[ 0.229898 -0.928767 -0.290756],0.28936187080026254
170,A,97,LYS,HB3,[ 15.041 -44.626   2.841],13.59,4047,[  2.34525 -29.2388    6.52725],0.472414,0.0,-0.8,[ 0.178931 -0.947879 -0.263645],0.2618388356418356
171,A,97,LYS,HG2,[ 14.151 -42.881   4.166],0.0,866,[  3.9   -28.362   7.988],1.77496,0.0,-0.8,[ 0.262023 -0.946982  0.185927],-0.18714397946163266
172,A,97,LYS,HG3,[ 14.453 -41.868   3.019],0.0,604,[  0.54525 -29.0125    5.8105 ],0.755841,-0.03824,-0.705296,[ 0.593362  -0.804719  -0.0186687],0.020187208403806247
173,A,97,LYS,HD2,[ 12.939 -43.026   1.612],13.59,8874,[  2.00125 -28.4995    9.2185 ],0.676553,0.0,-0.8,[ 0.282346 -0.924914  0.254586],-0.2555901543048485
174,A,97,LYS,HD3,[ 12.624 -44.015   2.776],13.59,2353,[  1.71137 -29.4434    7.47675],0.435219,0.0,-0.8,[ 0.202111 -0.973044  0.111068],-0.11278392051182455
175,A,97,LYS,HE2,[ 11.749 -42.231   4.057],0.85,631,[  2.85575 -28.7685    5.793  ],0.539528,0.0,-0.8,[ 0.399737 -0.868313 -0.293673],0.2936440892990839
176,A,97,LYS,HE3,[ 12.068 -41.239   2.897],2.55,866,[  3.9   -28.362   7.988],1.77496,0.0,-0.8,[ 0.262023 -0.946982  0.185927],-0.18714397946163266
177,A,97,LYS,HZ1,[  9.884 -41.866   2.807],22.09,5731,[  7.23413 -28.1165    9.75863],0.517443,0.0,1.8,[ 0.0971711 -0.984373   0.146857 ],-0.149332202124283
178,A,97,LYS,HZ2,[ 10.538 -42.345   1.601],22.94,5064,[  8.22287 -27.7406    5.6945 ],-0.142278,-0.300762,1.8,[ 0.0871153 -0.984697  -0.150938 ],0.1483837693554904
179,A,97,LYS,HZ3,[ 10.241 -43.269   2.682],22.09,5064,[  8.22287 -27.7406    5.6945 ],-0.142278,-0.300762,1.8,[ 0.0871153 -0.984697  -0.150938 ],0.1483837693554904
180,C,85,ALA,N,[ -3.772 -32.941   5.9  ],0.0,1083,[  5.597   -28.3722    8.40362],0.927523,0.0,1.8,[-0.384712 -0.877201  0.287254],-0.2927070996443939
181,C,85,ALA,CA,[ -2.744 -32.368   6.756],0.0,5731,[  7.23413 -28.1165    9.75863],0.517443,0.0,1.8,[ 0.0971711 -0.984373   0.146857 ],-0.149332202124283
182,C,85,ALA,C,[ -2.174 -31.126   6.092],0.0,9182,[  6.63175 -29.016     8.27287],0.656732,0.0,1.8,[-0.120894 -0.949755  0.288704],-0.29256893267198725
183,C,85,ALA,O,[ -1.368 -31.228   5.164],5.36,1083,[  5.597   -28.3722    8.40362],0.927523,0.0,1.8,[-0.384712 -0.877201  0.287254],-0.2927070996443939
184,C,85,ALA,CB,[ -1.649 -33.395   7.017],7.25,2882,[  7.30175 -28.9685    7.36775],0.637098,0.0,1.8,[ 0.0421255 -0.96894   -0.24368  ],0.24086308873780982
185,C,85,ALA,H,[ -3.53  -33.651   5.479],5.95,6424,[ 10.1315 -29.4715   8.7115],0.269843,0.0,-0.7,[-0.944465   -0.328559   -0.00589976],-0.0016683912106784148
186,C,85,ALA,HA,[ -3.131 -32.118   7.609],0.0,6424,[ 10.1315 -29.4715   8.7115],0.269843,0.0,-0.7,[-0.944465   -0.328559   -0.00589976],-0.0016683912106784148
187,C,85,ALA,HB1,[ -0.969 -33.005   7.588],11.04,10207,[ 10.4838  -31.1114    8.45497],0.488946,0.0,-0.7,[-0.861683  -0.50475    0.0522511],-0.05981018688359615
188,C,85,ALA,HB2,[ -2.031 -34.172   7.455],13.59,2311,[ 11.1425  -32.013     8.64787],1.15038,0.0650899,-0.7,[-0.729954 -0.668335  0.143161],-0.1503320128960868
189,C,85,ALA,HB3,[ -1.249 -33.663   6.175],8.49,8170,[  9.85363 -30.2529    6.57638],0.426818,0.0,-0.7,[-0.939088 -0.285965 -0.190625],0.18322490606051658
190,C,86,GLY,N,[ -2.589 -29.953   6.557],0.0,10207,[ 10.4838  -31.1114    8.45497],0.488946,0.0,-0.7,[-0.861683  -0.50475    0.0522511],-0.05981018688359615
191,C,86,GLY,CA,[ -2.077 -28.706   6.041],0.0,8372,[ 11.6216  -32.5444    7.34906],1.8479,0.468537,-0.7,[-0.674459 -0.688528 -0.26652 ],0.259655432518492
192,C,86,GLY,C,[ -0.955 -28.162   6.896],0.0,4774,[ 11.0939  -32.0475    6.32137],0.717759,0.0,-0.7,[-0.397859 -0.883313 -0.247925],0.24234615971413745
193,C,86,GLY,O,[ -0.763 -28.575   8.034],1.07,8170,[  9.85363 -30.2529    6.57638],0.426818,0.0,-0.7,[-0.939088 -0.285965 -0.190625],0.18322490606051658
194,C,86,GLY,H,[ -3.175 -29.865   7.18 ],0.0,675,[ 12.6775 -31.957    6.3745],0.619636,0.0,-0.7,[-0.19095  -0.936043 -0.29557 ],0.29124868177316265
195,C,86,GLY,HA2,[ -1.758 -28.838   5.135],0.0,7913,[ 13.1248  -34.8078    6.08612],0.767055,0.0,4.2,[-0.760387  0.617531 -0.201164],0.19788771195973107
196,C,86,GLY,HA3,[ -2.795 -28.055   5.997],0.0,2902,[ 11.5351 -37.8382   7.8275],0.963647,0.0,4.2,[-0.958407 -0.178409  0.222768],-0.22994527079265076
197,C,87,SER,N,[ -0.207 -27.22    6.328],0.0,2902,[ 11.5351 -37.8382   7.8275],0.963647,0.0,4.2,[-0.958407 -0.178409  0.222768],-0.22994527079265076
198,C,87,SER,CA,[  0.93  -26.637   7.021],0.0,8373,[ 11.7975  -34.9296    7.85256],0.795791,0.0,4.2,[-0.853098  0.491836 -0.174127],0.1698095929755848
199,C,87,SER,C,[  1.248 -25.28    6.422],0.0,6921,[ 12.5395  -35.7308    5.42775],0.803807,0.0,4.2,[-0.824465  0.482406 -0.295875],0.29172146025783846
200,C,87,SER,O,[  0.818 -24.955   5.314],0.0,2902,[ 11.5351 -37.8382   7.8275],0.963647,0.0,4.2,[-0.958407 -0.178409  0.222768],-0.22994527079265076
201,C,87,SER,CB,[  2.163 -27.532   6.938],3.62,8445,[ 12.877   -38.6188    4.64625],0.86398,0.0,4.2,[-0.99785     0.0655184  -0.00155246],-0.005122897694358937
202,C,87,SER,OG,[  3.272 -26.885   7.531],0.0,1669,[ 12.228  -38.762    9.1035],0.981168,0.0,4.2,[-0.987292   0.0978529  0.125215 ],-0.13171037736181715
203,C,87,SER,H,[ -0.344 -26.906   5.539],0.0,6346,[ 11.0684  -36.0284    7.82475],0.824023,0.0,4.2,[-0.917118  0.381807  0.114534],-0.11963687088719406
204,C,87,SER,HA,[  0.692 -26.543   7.957],0.0,3686,[ 12.1595  -37.5395    9.12362],0.96363,0.0,4.2,[-0.96994  -0.140632  0.198595],-0.2057316618498042
205,C,87,SER,HB2,[  1.992 -28.374   7.388],11.89,7913,[ 13.1248  -34.8078    6.08612],0.767055,0.0,4.2,[-0.760387  0.617531 -0.201164],0.19788771195973107
206,C,87,SER,HB3,[  2.359 -27.741   6.011],3.4,2340,[ 17.2246 -42.378   10.1766],0.0236926,0.316537,-3.9,[ 0.933985  -0.35366    0.0509655],-0.04565139790148893
207,C,87,SER,HG,[  3.471 -27.272   8.249],2.55,7273,[ 17.0812 -43.6128  10.0608],-0.214696,0.0,-3.9,[0.991414  0.112953  0.0658727],-0.05866879694592446
208,C,90,ALA,N,[  6.719 -24.934   7.043],0.0,1476,[ 16.728 -46.604   7.804],-20.3311,0.0,-3.9,[ 0.0518902 -0.997782   0.0416901],-0.04452367914114148
209,C,90,ALA,CA,[  7.313 -26.011   7.821],0.0,6164,[ 18.8149  -45.7858    7.59212],-1.07243,-0.800352,-3.9,[ 0.802044  -0.595587   0.0447354],-0.041105990135110314
210,C,90,ALA,C,[  8.8   -26.109   7.518],0.0,2934,[ 14.113   -45.8324    7.83225],0.0595855,0.0,-3.9,[-0.225935  -0.97378   -0.0265764],0.021900713237528784
211,C,90,ALA,O,[  9.196 -26.452   6.4  ],0.0,8988,[ 12.985  -44.4424  10.191 ],0.497126,0.0,-3.9,[-0.312897 -0.933942 -0.172762],0.1676095449708253
212,C,90,ALA,CB,[  6.614 -27.331   7.515],6.04,6215,[ 12.0846  -45.2402    7.68875],0.551194,0.0,-3.9,[-0.25716  -0.959917  0.111477],-0.11631978174955049
213,C,90,ALA,H,[  6.184 -25.196   6.423],0.0,7190,[ 10.6593 -40.5607   7.7065],2.38316,0.0,-3.9,[-0.668575   0.742622  -0.0389728],0.036734965531830865
214,C,90,ALA,HA,[  7.201 -25.819   8.765],0.0,5692,[  8.347 -43.361   7.473],3.30493,0.0,-3.9,[-0.888105 -0.43323   0.153561],-0.16107060689035244
215,C,90,ALA,HB1,[  7.018 -28.04    8.039],11.89,2830,[ 17.9329  -42.1074    5.37937],0.110709,0.373557,-3.9,[ 0.914148   -0.405371    0.00287088],0.002139489681182736
216,C,90,ALA,HB2,[  5.673 -27.259   7.74 ],0.0,7273,[ 17.0812 -43.6128  10.0608],-0.214696,0.0,-3.9,[0.991414  0.112953  0.0658727],-0.05866879694592446
217,C,90,ALA,HB3,[  6.705 -27.535   6.571],4.25,4478,[ 14.8073  -44.5909    4.75887],0.0265638,0.0,-3.9,[-0.276928 -0.938692  0.20535 ],-0.21025854513393807
218,C,92,THR,N,[ 12.355 -27.869   8.088],0.0,2934,[ 14.113   -45.8324    7.83225],0.0595855,0.0,-3.9,[-0.225935  -0.97378   -0.0265764],0.021900713237528784
219,C,92,THR,CA,[ 12.969 -29.117   8.509],0.0,8988,[ 12.985  -44.4424  10.191 ],0.497126,0.0,-3.9,[-0.312897 -0.933942 -0.172762],0.1676095449708253
220,C,92,THR,C,[ 14.341 -29.257   7.878],0.0,1409,[ 11.7797  -40.2785    8.80875],1.75489,0.0,-3.9,[-0.823476  0.511174  0.246149],-0.2501879917531931
221,C,92,THR,O,[ 14.581 -28.793   6.764],0.0,7485,[ 12.2517  -44.0199    5.42263],1.13939,0.0,-3.9,[-0.205871 -0.941473 -0.266919],0.2624781825667203
222,C,92,THR,CB,[ 12.097 -30.33    8.178],0.0,6215,[ 12.0846  -45.2402    7.68875],0.551194,0.0,-3.9,[-0.25716  -0.959917  0.111477],-0.11631978174955049
223,C,92,THR,OG1,[ 12.85  -31.53    8.388],0.0,10296,[ 10.3275 -41.6247   9.89  ],2.88063,0.0,-3.9,[-0.432515   0.900239  -0.0500009],0.049895874471410036
224,C,92,THR,CG2,[ 11.552 -30.267   6.799],2.42,7190,[ 10.6593 -40.5607   7.7065],2.38316,0.0,-3.9,[-0.668575   0.742622  -0.0389728],0.036734965531830865
225,C,92,THR,H,[ 12.529 -27.641   7.277],0.0,4746,[  8.41362 -41.3704    7.98688],2.26668,0.862871,-3.9,[-0.762607  0.606792  0.224131],-0.22744467493629594
226,C,92,THR,HA,[ 13.061 -29.09    9.474],0.0,9226,[ 10.4656  -43.3565    5.42975],2.91593,0.24739,-3.9,[-0.292145 -0.908201 -0.299705],0.2947744289133104
227,C,92,THR,HB,[ 11.331 -30.327   8.773],5.1,6508,[  9.337   -44.419     7.48825],2.96242,0.776476,-3.9,[-0.400959 -0.899011 -0.176103],0.17045461433436046
228,C,92,THR,HG1,[ 12.371 -32.196   8.208],6.8,1733,[ -5.23   -34.6102  14.8888],1.19816,0.242893,0.633553,[ 0.19523   -0.980111  -0.0356008],0.03381054823076674
229,C,92,THR,HG21,[ 11.007 -31.052   6.63 ],17.84,3613,[ -4.3255 -34.451   16.869 ],0.53979,0.0,1.8,[-0.431757 -0.895622  0.106988],-0.11282985755110718
230,C,92,THR,HG22,[ 11.009 -29.469   6.702],1.7,9899,[ -1.41663 -31.8106   16.3559 ],0.390402,0.0,1.8,[0.99538   0.026425  0.0923012],-0.08534605047376785
231,C,92,THR,HG23,[ 12.284 -30.239   6.163],0.0,3159,[ -0.983  -31.006   14.9495],-0.275481,-0.0343245,1.8,[ 0.990381 -0.132325  0.040433],-0.0340218283073639
232,C,95,VAL,N,[ 15.797 -35.835   6.964],0.0,3602,[ -2.07275 -34.7882   15.8994 ],0.503334,0.0,1.8,[ 0.367949 -0.906742 -0.205991],0.20562232368414013
233,C,95,VAL,CA,[ 15.208 -37.054   7.509],0.0,1733,[ -5.23   -34.6102  14.8888],1.19816,0.242893,0.633553,[ 0.19523   -0.980111  -0.0356008],0.03381054823076674
234,C,95,VAL,C,[ 16.09  -38.218   7.073],0.0,6638,[ -4.97937 -33.7131   17.8471 ],0.651706,0.0,1.65688,[-0.270841  -0.959931   0.0719538],-0.0768921652672416
235,C,95,VAL,O,[ 16.276 -38.436   5.871],0.0,8444,[ -1.08881 -33.5525   17.3399 ],0.451177,0.0,1.8,[ 0.952988 -0.208709  0.219669],-0.21375507336580776
236,C,95,VAL,CB,[ 13.76  -37.287   7.033],0.0,4212,[ -3.4275 -34.987   17.6825],0.43382,0.0,1.8,[-0.28579  -0.92214   0.260734],-0.2656491251395885
237,C,95,VAL,CG1,[ 13.301 -38.676   7.41 ],1.21,1227,[ -1.1705 -33.9475  16.0392],0.482831,0.0,1.8,[ 0.876015  -0.472941  -0.0944648],0.09899302760624741
238,C,95,VAL,CG2,[ 12.795 -36.285   7.636],3.62,10080,[ -1.05603 -29.9332   16.0582 ],0.543317,-0.0759481,1.8,[ 0.896879  -0.435248   0.0785273],-0.07372949970452831
239,C,95,VAL,H,[ 16.104 -35.932   6.167],0.0,10080,[ -1.05603 -29.9332   16.0582 ],0.543317,-0.0759481,1.8,[ 0.896879  -0.435248   0.0785273],-0.07372949970452831
240,C,95,VAL,HA,[ 15.165 -36.975   8.475],0.0,10080,[ -1.05603 -29.9332   16.0582 ],0.543317,-0.0759481,1.8,[ 0.896879  -0.435248   0.0785273],-0.07372949970452831
241,C,95,VAL,HB,[ 13.761 -37.179   6.069],0.0,9399,[ -0.560687 -29.3419    17.8743  ],-1.11569,0.0,-0.493992,[ 0.445758 -0.880032  0.163841],-0.16357664883586856
242,C,95,VAL,HG11,[ 12.39  -38.81    7.105],9.34,25,[ -1.4555 -30.215   17.5535],-0.0130259,-0.0531354,-0.4,[ 0.862117 -0.489919  0.129356],-0.1249715236904996
243,C,95,VAL,HG12,[ 13.881 -39.333   6.993],0.0,5250,[ -1.06938 -30.132    13.949  ],-0.1541,-0.502828,1.00999,[ 0.93683   -0.341498   0.0756826],-0.07030923608926674
244,C,95,VAL,HG13,[ 13.337 -38.779   8.374],0.0,5035,[ -0.38775 -28.7875   14.605  ],0.393804,-0.580447,-0.4,[ 0.552035  -0.83362    0.0183241],-0.017182150967011135
245,C,95,VAL,HG21,[ 11.898 -36.465   7.313],18.69,8560,[ 4.31250e-03 -2.91936e+01  1.62101e+01],0.489849,0.0,-0.8,[ 0.205431 -0.953084 -0.222327],0.22068821923819604
246,C,95,VAL,HG22,[ 12.811 -36.361   8.603],0.0,4503,[  1.5665 -28.9478  15.504 ],0.48806,0.0,-0.8,[ 0.225179 -0.933284 -0.279777],0.278336174014349
247,C,95,VAL,HG23,[ 13.057 -35.387   7.378],2.55,4247,[  2.79137 -28.326    18.1966 ],2.19733,0.17285,-0.8,[ 0.305203 -0.925518  0.224203],-0.22505225662950054
248,C,97,LYS,N,[ 16.597 -42.493   7.63 ],0.0,5035,[ -0.38775 -28.7875   14.605  ],0.393804,-0.580447,-0.4,[ 0.552035  -0.83362    0.0183241],-0.017182150967011135
249,C,97,LYS,CA,[ 15.989 -43.724   8.116],0.0,1094,[  0.59525 -28.674    18.7887 ],0.446739,0.0,-0.8,[ 0.154922 -0.973954  0.165568],-0.16761085162491118
250,C,97,LYS,C,[ 16.879 -44.92    7.804],20.53,8663,[  0.9215 -29.4371  17.1796],0.396917,0.0,-0.8,[ 0.140869 -0.981797  0.1274  ],-0.12956601481688745
251,C,97,LYS,O,[ 18.046 -44.762   7.45 ],28.93,4503,[  1.5665 -28.9478  15.504 ],0.48806,0.0,-0.8,[ 0.225179 -0.933284 -0.279777],0.278336174014349
252,C,97,LYS,CB,[ 14.601 -43.931   7.506],1.21,4247,[  2.79137 -28.326    18.1966 ],2.19733,0.17285,-0.8,[ 0.305203 -0.925518  0.224203],-0.22505225662950054
253,C,97,LYS,CG,[ 13.526 -42.997   8.032],0.0,3953,[  6.70837 -28.2104   19.4706 ],0.269727,0.0,1.8,[ 0.0715948 -0.994918   0.0707912],-0.07347881551490323
254,C,97,LYS,CD,[ 12.181 -43.285   7.407],2.42,2721,[  7.59981 -29.0172   17.5971 ],0.489152,0.0,1.54623,[-0.104417  -0.991498  -0.0776392],0.07374379100039956
255,C,97,LYS,CE,[ 11.133 -42.323   7.923],1.21,7356,[  7.76963 -27.9219   14.2944 ],0.321871,0.0,1.8,[-0.0679866  -0.997667    0.00613812],-0.009799484915313805
256,C,97,LYS,NZ,[  9.803 -42.585   7.318],2.19,3424,[  4.6395 -28.5815  16.4255],0.77037,0.0,1.8,[-0.369866 -0.903996 -0.214454],0.20900308960440012
257,C,97,LYS,H,[ 16.967 -42.56    6.857],0.0,6038,[  4.40575 -27.759    15.3025 ],1.11343,0.0,1.8,[-0.213728 -0.934773 -0.283761],0.2792869233827495
258,C,97,LYS,HA,[ 15.892 -43.647   9.078],0.0,3953,[  6.70837 -28.2104   19.4706 ],0.269727,0.0,1.8,[ 0.0715948 -0.994918   0.0707912],-0.07347881551490323
259,C,97,LYS,HB2,[ 14.665 -43.821   6.544],0.85,2771,[  6.3865 -29.171   17.024 ],0.591827,0.0,1.8,[ 0.136855 -0.969699 -0.202372],0.20020746880793175
260,C,97,LYS,HB3,[ 14.324 -44.846   7.669],12.74,646,[  3.9585 -28.394   17.3645],0.889093,0.0,1.66972,[-0.180773 -0.978023  0.103882],-0.10825588387673278
261,C,97,LYS,HG2,[ 13.461 -43.088   8.996],0.0,3424,[  4.6395 -28.5815  16.4255],0.77037,0.0,1.8,[-0.369866 -0.903996 -0.214454],0.20900308960440012
262,C,97,LYS,HG3,[ 13.778 -42.078   7.85 ],0.0,4097,[ 12.1455 -27.6896  20.2749],-0.316653,0.504491,0.361957,[0.659666 0.717091 0.224993],-0.2181403026049689
263,C,97,LYS,HD2,[ 12.246 -43.212   6.442],0.85,4097,[ 12.1455 -27.6896  20.2749],-0.316653,0.504491,0.361957,[0.659666 0.717091 0.224993],-0.2181403026049689
264,C,97,LYS,HD3,[ 11.916 -44.197   7.606],13.59,9030,[ 10.0628 -32.34    17.9982],1.37951,0.176848,-0.7,[-0.752849  -0.655696   0.0572874],-0.06457842257678705
265,C,97,LYS,HE2,[ 11.071 -42.399   8.888],0.85,9030,[ 10.0628 -32.34    17.9982],1.37951,0.176848,-0.7,[-0.752849  -0.655696   0.0572874],-0.06457842257678705
266,C,97,LYS,HE3,[ 11.404 -41.413   7.727],1.7,6279,[  8.979  -30.8794  16.0641],0.460187,0.0,-0.7,[-0.94652  -0.247063 -0.20751 ],0.20018262167203357
267,C,97,LYS,HZ1,[  9.21  -42.005   7.641],22.09,8909,[  9.594  -28.906   15.0545],-0.771997,0.0,-0.7,[-0.793608 -0.54558  -0.269312],0.2620826687367605
268,C,97,LYS,HZ2,[  9.856 -42.494   6.434],9.34,4097,[ 12.1455 -27.6896  20.2749],-0.316653,0.504491,0.361957,[0.659666 0.717091 0.224993],-0.2181403026049689
269,C,97,LYS,HZ3,[  9.545 -43.413   7.516],21.24,3600,[  9.2465 -31.022   18.425 ],0.395774,0.0,-0.7,[-0.899081  -0.428607   0.0891636],-0.09673600751687367
270,G,85,ALA,N,[ -4.799 -32.818  15.523],0.0,9030,[ 10.0628 -32.34    17.9982],1.37951,0.176848,-0.7,[-0.752849  -0.655696   0.0572874],-0.06457842257678705
271,G,85,ALA,CA,[ -3.757 -32.277  16.384],0.0,8262,[  9.82887 -32.169    15.7946 ],0.673603,0.0,-0.7,[-0.572063 -0.779662 -0.254699],0.24824966528526973
272,G,85,ALA,C,[ -3.15  -31.051  15.724],0.0,2553,[  8.858  -29.8495  16.4608],0.256767,0.0,-0.7,[-0.968376 -0.19198  -0.15935 ],0.1520494727014871
273,G,85,ALA,O,[ -2.345 -31.174  14.797],6.43,2795,[ 10.7303 -32.0596  15.0308],0.603829,0.0,-0.7,[-0.577078 -0.799374 -0.167278],0.16073351327326477
274,G,85,ALA,CB,[ -2.693 -33.336  16.645],7.25,5869,[ 12.8496 -35.247   15.159 ],0.8096,-0.123901,3.91789,[-0.576656  0.80906  -0.113531],0.11213782882865239
275,G,85,ALA,H,[ -4.576 -33.533  15.1  ],5.1,6332,[ 10.1643 -38.5228  16.8075],0.9515,0.0,4.2,[-0.987598  -0.0909618 -0.127971 ],0.12086200137546915
276,G,85,ALA,HA,[ -4.139 -32.018  17.237],0.0,6332,[ 10.1643 -38.5228  16.8075],0.9515,0.0,4.2,[-0.987598  -0.0909618 -0.127971 ],0.12086200137546915
277,G,85,ALA,HB1,[ -2.003 -32.967  17.219],10.19,4151,[ 10.2148 -35.7136  17.3048],0.773379,0.0,4.2,[-0.861767   0.503798   0.0595341],-0.06386628929329886
278,G,85,ALA,HB2,[ -3.099 -34.103  17.079],13.59,5869,[ 12.8496 -35.247   15.159 ],0.8096,-0.123901,3.91789,[-0.576656  0.80906  -0.113531],0.11213782882865239
279,G,85,ALA,HB3,[ -2.299 -33.613  15.803],8.49,9930,[ 11.3651 -36.9354  14.3647],0.914662,0.0,4.2,[-0.996854   0.0288305  0.073829 ],-0.08061270446311765
280,G,86,GLY,N,[ -3.532 -29.867  16.19 ],0.0,6332,[ 10.1643 -38.5228  16.8075],0.9515,0.0,4.2,[-0.987598  -0.0909618 -0.127971 ],0.12086200137546915
281,G,86,GLY,CA,[ -2.982 -28.635  15.678],0.0,1434,[ 11.6225 -38.9545  14.2878],0.943089,0.0,4.2,[-0.994105   0.0220387  0.106162 ],-0.11294753539504124
282,G,86,GLY,C,[ -1.847 -28.125  16.537],0.0,8535,[ 10.9965 -38.6168  19.0369],0.860124,0.0,4.2,[-0.995933  -0.0247248 -0.0866391],0.07968573905883906
283,G,86,GLY,O,[ -1.671 -28.546  17.674],1.07,4493,[  9.72863 -37.0209   16.7051 ],0.841594,0.0,4.2,[-0.952397   0.0677617 -0.297233 ],0.29086988970188765
284,G,86,GLY,H,[ -4.117 -29.763  16.811],0.0,4933,[ 10.813  -35.1385  17.8948],0.761477,0.0,4.2,[-0.809138  0.513723  0.285278],-0.28920877468071804
285,G,86,GLY,HA2,[ -2.664 -28.775  14.772],0.0,4933,[ 10.813  -35.1385  17.8948],0.761477,0.0,4.2,[-0.809138  0.513723  0.285278],-0.28920877468071804
286,G,86,GLY,HA3,[ -3.68  -27.963  15.633],0.0,7330,[ 15.6679 -43.9502  19.6713],-0.091277,0.218457,-3.9,[0.985289  0.143044  0.0935051],-0.08624637081499481
287,G,87,SER,N,[ -1.071 -27.204  15.973],0.0,369,[ 13.7837 -45.4987  19.2085],-0.572764,0.0,-3.9,[-0.310334 -0.93322   0.181089],-0.1862112312883176
288,G,87,SER,CA,[  0.08  -26.656  16.67 ],0.0,2841,[ 15.188 -47.08   17.454],-17.9972,0.0,-3.9,[-0.0443081 -0.998094   0.0429656],-0.046463889731480135
289,G,87,SER,C,[  0.44  -25.308  16.074],0.0,1555,[ 17.535 -46.321  16.796],-0.767968,-0.99156,-3.9,[ 0.759567 -0.608742 -0.229109],0.23239531580528244
290,G,87,SER,O,[ 2.2000e-02 -2.4968e+01  1.4966e+01],0.0,2861,[ 12.3749 -46.1406  17.3484],0.186333,0.0,-3.9,[-0.326499 -0.939023 -0.107858],0.10259731138218915
291,G,87,SER,CB,[  1.288 -27.587  16.589],3.62,3553,[ 11.0522 -44.8307  18.6405],0.890724,0.0,-3.9,[-0.339472 -0.912427  0.228552],-0.2338073697992468
292,G,87,SER,OG,[  2.413 -26.973  17.185],1.07,3553,[ 11.0522 -44.8307  18.6405],0.890724,0.0,-3.9,[-0.339472 -0.912427  0.228552],-0.2338073697992468
293,G,87,SER,H,[ -1.197 -26.884  15.185],0.0,9754,[  9.41525 -40.88     17.1195 ],2.46174,0.0,-3.9,[-0.659358   0.749498  -0.0591619],0.05700907996961018
294,G,87,SER,HA,[ -0.158 -26.557  17.605],0.0,7812,[  7.16275 -43.7718   17.4942 ],3.77426,0.0887882,-3.9,[-0.920773 -0.368193  0.128883],-0.13641061018279915
295,G,87,SER,HB2,[  1.091 -28.424  17.038],10.19,10302,[ 16.4347 -43.1064  14.8698],0.081035,0.761128,-3.9,[ 0.984916  -0.151985   0.0827102],-0.07639842386250947
296,G,87,SER,HB3,[  1.48  -27.8    15.662],3.4,7330,[ 15.6679 -43.9502  19.6713],-0.091277,0.218457,-3.9,[0.985289  0.143044  0.0935051],-0.08624637081499481
297,G,87,SER,HG,[  2.517 -27.273  17.963],2.55,5200,[ 13.3596 -44.9384  14.4956],0.0330447,0.0,-3.9,[-0.348885 -0.914578  0.204514],-0.20984189553355892
298,G,90,ALA,N,[  5.917 -25.122  16.71 ],0.0,2861,[ 12.3749 -46.1406  17.3484],0.186333,0.0,-3.9,[-0.326499 -0.939023 -0.107858],0.10259731138218915
299,G,90,ALA,CA,[  6.477 -26.217  17.487],0.0,3553,[ 11.0522 -44.8307  18.6405],0.890724,0.0,-3.9,[-0.339472 -0.912427  0.228552],-0.2338073697992468
300,G,90,ALA,C,[  7.962 -26.358  17.188],0.0,3553,[ 11.0522 -44.8307  18.6405],0.890724,0.0,-3.9,[-0.339472 -0.912427  0.228552],-0.2338073697992468
301,G,90,ALA,O,[  8.35  -26.71   16.071],0.0,7822,[ 10.6834 -44.2754  15.0248],1.2448,0.0,-3.9,[-0.269145 -0.933258 -0.237887],0.2330367311384929
302,G,90,ALA,CB,[  5.74  -27.516  17.177],7.25,400,[  9.87975 -45.4782   17.1763 ],0.765357,0.0,-3.9,[-0.401007  -0.915828  -0.0212771],0.01557904594027428
303,G,90,ALA,H,[  5.376 -25.367  16.088],0.0,7209,[  8.85112 -42.017    19.8517 ],2.72046,0.092192,-3.9,[-0.419214  0.863414 -0.28067 ],0.28053224365413604
304,G,90,ALA,HA,[  6.368 -26.023  18.431],0.0,9754,[  9.41525 -40.88     17.1195 ],2.46174,0.0,-3.9,[-0.659358   0.749498  -0.0591619],0.05700907996961018
305,G,90,ALA,HB1,[  6.122 -28.238  17.7  ],11.89,4800,[  7.13613 -41.6079   16.9223 ],2.6298,0.472194,-3.9,[-0.643807  0.730311 -0.228381],0.22626919019496186
306,G,90,ALA,HB2,[  4.801 -27.417  17.4  ],0.0,8907,[  9.22475 -43.7124   15.2258 ],3.23153,0.193393,-3.9,[-0.350226 -0.890931 -0.289109],0.2838332504163452
307,G,90,ALA,HB3,[  5.827 -27.721  16.233],3.4,7812,[  7.16275 -43.7718   17.4942 ],3.77426,0.0887882,-3.9,[-0.920773 -0.368193  0.128883],-0.13641061018279915
308,G,92,THR,N,[ 11.462 -28.222  17.763],0.0,4111,[ -6.44   -34.2615  20.2768],0.706704,0.0,1.1787,[ 0.108904 -0.975479  0.191259],-0.1936235038362972
309,G,92,THR,CA,[ 12.038 -29.488  18.183],0.0,7599,[ -2.0505 -31.7682  21.1134],0.364244,0.0,1.8,[0.975819  0.0927538 0.197924 ],-0.19088851766245835
310,G,92,THR,C,[ 13.407 -29.667  17.555],0.0,7599,[ -2.0505 -31.7682  21.1134],0.364244,0.0,1.8,[0.975819  0.0927538 0.197924 ],-0.19088851766245835
311,G,92,THR,O,[ 13.664 -29.207  16.443],0.0,5888,[ -1.7355 -31.2035  18.817 ],-0.941121,-0.0530066,1.8,[ 0.992235 -0.035776  0.119119],-0.11238381292749057
312,G,92,THR,CB,[ 11.133 -30.674  17.847],0.0,3878,[ -1.898  -34.0326  21.8541],0.415197,0.0,1.8,[ 0.732179 -0.622716  0.275935],-0.27286777158948544
313,G,92,THR,OG1,[ 11.85  -31.896  18.057],1.07,5336,[ -5.63475 -34.3015   19.168  ],0.95087,0.470444,1.05183,[ 0.0391569 -0.964817  -0.259989 ],0.25716432776948517
314,G,92,THR,CG2,[ 10.593 -30.593  16.468],2.42,7599,[ -2.0505 -31.7682  21.1134],0.364244,0.0,1.8,[0.975819  0.0927538 0.197924 ],-0.19088851766245835
315,G,92,THR,H,[ 11.645 -27.998  16.953],0.0,5780,[ -1.5635 -33.0112  21.8097],0.399451,0.0,1.8,[0.981682  0.0571753 0.181746 ],-0.17478437994128268
316,G,92,THR,HA,[ 12.128 -29.465  19.149],0.0,662,[ -3.9235 -35.0218  21.2695],0.419378,0.0,1.8,[-0.1796   -0.973655 -0.140498],0.13613912221394783
317,G,92,THR,HB,[ 10.366 -30.65   18.44 ],3.4,8920,[ -2.77163 -34.7298   20.6588 ],0.45334,0.0,1.8,[ 0.370247 -0.904928 -0.209813],0.20946587358219876
318,G,92,THR,HG1,[ 11.353 -32.548  17.874],6.8,7200,[ -1.6505 -30.491   20.0397],-0.354789,-0.171991,1.8,[ 0.953897  -0.287124   0.0874083],-0.08174284611120419
319,G,92,THR,HG21,[ 10.026 -31.361  16.296],16.14,4391,[ -1.29  -29.1    19.604],0.190774,-0.135321,-0.4,[ 0.682582   -0.730749   -0.00931422],0.011685296658250717
320,G,92,THR,HG22,[ 10.073 -29.78   16.371],1.7,7719,[ -0.932437 -29.4199    21.3786  ],0.272364,0.0,-0.62269,[ 0.380367  -0.921571   0.0776383],-0.07796054688563518
321,G,92,THR,HG23,[ 11.326 -30.584  15.833],0.0,7719,[ -0.932437 -29.4199    21.3786  ],0.272364,0.0,-0.62269,[ 0.380367  -0.921571   0.0776383],-0.07796054688563518
322,G,95,VAL,N,[ 14.674 -36.282  16.631],0.0,4391,[ -1.29  -29.1    19.604],0.190774,-0.135321,-0.4,[ 0.682582   -0.730749   -0.00931422],0.011685296658250717
323,G,95,VAL,CA,[ 14.049 -37.485  17.172],0.0,4391,[ -1.29  -29.1    19.604],0.190774,-0.135321,-0.4,[ 0.682582   -0.730749   -0.00931422],0.011685296658250717
324,G,95,VAL,C,[ 14.898 -38.672  16.736],0.0,7719,[ -0.932437 -29.4199    21.3786  ],0.272364,0.0,-0.62269,[ 0.380367  -0.921571   0.0776383],-0.07796054688563518
325,G,95,VAL,O,[ 15.081 -38.893  15.534],0.0,4008,[  1.56375 -29.0575   21.9035 ],0.355599,0.0,-0.8,[ 0.38096   -0.922494   0.0622354],-0.06255695409520631
326,G,95,VAL,CB,[ 12.596 -37.674  16.692],0.0,5970,[  2.94812 -28.442    21.734  ],0.51295,0.0,0.47734,[ 0.160638  -0.986963  -0.0100009],0.007950784567029075
327,G,95,VAL,CG1,[ 12.096 -39.05   17.065],0.0,4391,[ -1.29  -29.1    19.604],0.190774,-0.135321,-0.4,[ 0.682582   -0.730749   -0.00931422],0.011685296658250717
328,G,95,VAL,CG2,[ 11.659 -36.646  17.295],2.42,3210,[  0.336  -29.5058  21.438 ],0.333434,0.0,-0.8,[ 0.103839 -0.984908 -0.138472],0.1360328447395456
329,G,95,VAL,H,[ 14.98  -36.386  15.834],0.0,3855,[  1.03437 -28.9792   20.2664 ],0.390811,0.0,-0.8,[ 0.242267 -0.938162 -0.247304],0.24596640736560801
330,G,95,VAL,HA,[ 14.006 -37.407  18.138],0.0,5970,[  2.94812 -28.442    21.734  ],0.51295,0.0,0.47734,[ 0.160638  -0.986963  -0.0100009],0.007950784567029075
331,G,95,VAL,HB,[ 12.603 -37.563  15.728],0.0,1983,[  8.01275 -24.5842   20.601  ],0.0742328,0.0,1.8,[ 0.563361  0.818945 -0.109336],0.11584047124668001
332,G,95,VAL,HG11,[ 11.182 -39.157  16.758],9.34,8343,[  6.48588 -29.1262   22.3626 ],0.475235,0.0,1.8,[ 0.164893 -0.968719  0.185458],-0.1874147271792146
333,G,95,VAL,HG12,[ 12.657 -39.722  16.648],0.0,1983,[  8.01275 -24.5842   20.601  ],0.0742328,0.0,1.8,[ 0.563361  0.818945 -0.109336],0.11584047124668001
334,G,95,VAL,HG13,[ 12.127 -39.156  18.029],0.0,3953,[  6.70837 -28.2104   19.4706 ],0.269727,0.0,1.8,[ 0.0715948 -0.994918   0.0707912],-0.07347881551490323
335,G,95,VAL,HG21,[ 10.758 -36.799  16.969],18.69,6281,[  5.13637 -29.3221   22.0411 ],0.526307,0.0,1.8,[-0.192843   -0.981228    0.00173988],-0.006210252944039572
336,G,95,VAL,HG22,[ 11.671 -36.725  18.262],0.0,6281,[  5.13637 -29.3221   22.0411 ],0.526307,0.0,1.8,[-0.192843   -0.981228    0.00173988],-0.006210252944039572
337,G,95,VAL,HG23,[ 11.948 -35.756  17.04 ],2.55,364,[  4.186  -28.9595  21.497 ],0.597939,0.0,1.8,[-0.464453   -0.885543   -0.00988024],0.0038416600422010853
338,G,97,LYS,N,[ 15.279 -42.962  17.285],0.0,8107,[  5.49781 -28.4721   19.525  ],0.66447,0.0,1.8,[-0.18086   -0.983429   0.0125205],-0.01691492399456748
339,G,97,LYS,CA,[ 14.634 -44.175  17.767],0.0,9257,[ 12.6837 -28.036   21.8037],0.481116,-0.113381,-0.7,[0.625008  0.780205  0.0253969],-0.01858714651146657
340,G,97,LYS,C,[ 15.49  -45.396  17.454],20.53,9257,[ 12.6837 -28.036   21.8037],0.481116,-0.113381,-0.7,[0.625008  0.780205  0.0253969],-0.01858714651146657
341,G,97,LYS,O,[ 16.662 -45.271  17.104],31.07,9257,[ 12.6837 -28.036   21.8037],0.481116,-0.113381,-0.7,[0.625008  0.780205  0.0253969],-0.01858714651146657
342,G,97,LYS,CB,[ 13.242 -44.341  17.154],1.21,267,[ 13.2675 -28.183   20.693 ],-0.610116,-6.60592e-05,-0.7,[0.339706 0.928842 0.147822],-0.14250160874813655
343,G,97,LYS,CG,[ 12.194 -43.377  17.678],0.0,9864,[  8.80766 -31.6433   22.5523 ],0.442507,0.0,-0.7,[-0.868321 -0.417008  0.268555],-0.27587286795812144
344,G,97,LYS,CD,[ 10.843 -43.624  17.049],1.21,5283,[  9.49687 -32.9026   22.325  ],1.37986,0.353475,-0.7,[-0.822889  -0.56425    0.0668988],-0.07438018744846078
345,G,97,LYS,CE,[  9.822 -42.634  17.565],1.21,10068,[  8.28019 -30.7211   21.3418 ],0.368484,0.0,-0.7,[-0.950646  -0.309939   0.0144822],-0.02203282727701175
346,G,97,LYS,NZ,[  8.486 -42.856  16.955],2.19,9257,[ 12.6837 -28.036   21.8037],0.481116,-0.113381,-0.7,[0.625008  0.780205  0.0253969],-0.01858714651146657
347,G,97,LYS,H,[ 15.649 -43.039  16.512],0.0,9257,[ 12.6837 -28.036   21.8037],0.481116,-0.113381,-0.7,[0.625008  0.780205  0.0253969],-0.01858714651146657
348,G,97,LYS,HA,[ 14.536 -44.096  18.729],0.0,9864,[  8.80766 -31.6433   22.5523 ],0.442507,0.0,-0.7,[-0.868321 -0.417008  0.268555],-0.27587286795812144
349,G,97,LYS,HB2,[ 13.311 -44.232  16.193],1.7,5283,[  9.49687 -32.9026   22.325  ],1.37986,0.353475,-0.7,[-0.822889  -0.56425    0.0668988],-0.07438018744846078
350,G,97,LYS,HB3,[ 12.938 -45.248  17.315],12.74,8086,[  9.19775 -32.3745   20.5252 ],0.610351,0.0,-0.7,[-0.627995 -0.746599 -0.219573],0.2128445598174685
351,G,97,LYS,HG2,[ 12.124 -43.467  18.641],0.0,10068,[  8.28019 -30.7211   21.3418 ],0.368484,0.0,-0.7,[-0.950646  -0.309939   0.0144822],-0.02203282727701175
352,G,97,LYS,HG3,[ 12.473 -42.466  17.498],0.0,9654,[ 10.1746 -32.2197  19.3793],0.573671,0.0,-0.7,[-0.688259 -0.714691 -0.124565],0.11752559959697606
353,G,97,LYS,HD2,[ 10.912 -43.551  16.084],0.85,2421,[ 10.4954 -36.6799  19.8438],0.795114,0.0,4.2,[-0.968839  0.186876 -0.162569],0.15647749157007362
354,G,97,LYS,HD3,[ 10.551 -44.528  17.244],11.89,680,[ 10.908  -40.0515  19.1965],0.962084,0.0,0.906625,[-0.925229  0.361776 -0.114321],0.10909145155906072
355,G,97,LYS,HE2,[  9.755 -42.711  18.53 ],0.85,9621,[  9.66263 -35.8932   21.5842 ],0.659786,0.0,4.2,[-0.828093  0.509779 -0.233212],0.22912283049871518
356,G,97,LYS,HE3,[ 10.12  -41.731  17.373],1.7,8535,[ 10.9965 -38.6168  19.0369],0.860124,0.0,4.2,[-0.995933  -0.0247248 -0.0866391],0.07968573905883906
357,G,97,LYS,HZ1,[  7.909 -42.26   17.278],22.94,680,[ 10.908  -40.0515  19.1965],0.962084,0.0,0.906625,[-0.925229  0.361776 -0.114321],0.10909145155906072
358,G,97,LYS,HZ2,[  8.544 -42.764  16.072],8.49,680,[ 10.908  -40.0515  19.1965],0.962084,0.0,0.906625,[-0.925229  0.361776 -0.114321],0.10909145155906072
359,G,97,LYS,HZ3,[  8.203 -43.677  17.15 ],19.54,5497,[  8.99275 -36.991    21.437  ],0.682027,0.0,4.2,[-0.9642    -0.0316727 -0.263278 ],0.2565162514289703
360,I,85,ALA,N,[ -5.456 -32.704  20.288],0.0,9621,[  9.66263 -35.8932   21.5842 ],0.659786,0.0,4.2,[-0.828093  0.509779 -0.233212],0.22912283049871518
361,I,85,ALA,CA,[ -4.401 -32.185  21.146],0.0,9621,[  9.66263 -35.8932   21.5842 ],0.659786,0.0,4.2,[-0.828093  0.509779 -0.233212],0.22912283049871518
362,I,85,ALA,C,[ -3.769 -30.972  20.484],0.0,2469,[ 15.8339 -42.9022  19.8595],0.063632,0.354279,-3.9,[ 0.908293  -0.40864    0.0895409],-0.08457888369071027
363,I,85,ALA,O,[ -2.968 -31.114  19.556],5.36,4944,[ 13.1453 -46.8035  22.273 ],-5.26341,0.0,-3.9,[-0.27893   -0.956058   0.0902848],-0.09526605457121572
364,I,85,ALA,CB,[ -3.359 -33.266  21.406],9.66,4944,[ 13.1453 -46.8035  22.273 ],-5.26341,0.0,-3.9,[-0.27893   -0.956058   0.0902848],-0.09526605457121572
365,I,85,ALA,H,[ -5.25  -33.424  19.865],5.1,1335,[ 16.3515 -46.6497  21.3075],-1.45118,-0.841166,-3.9,[ 0.80637  -0.579428 -0.118452],0.12215824834639952
366,I,85,ALA,HA,[ -4.776 -31.917  22.   ],11.04,3021,[ 11.6927 -46.4577  22.173 ],0.153731,0.0,-3.9,[-0.355208 -0.925731  0.129804],-0.13521337134671935
367,I,85,ALA,HB1,[ -2.66  -32.911  21.978],19.54,8075,[ 11.5776 -44.9936  19.9147],0.474333,0.0,-3.9,[-0.340145 -0.915025 -0.216867],0.2115857969739421
368,I,85,ALA,HB2,[ -3.78  -34.023  21.842],22.09,963,[  8.90175 -45.605    22.025  ],0.732543,0.0,-3.9,[-0.348998  -0.936961   0.0174747],-0.02288040586033561
369,I,85,ALA,HB3,[ -2.972 -33.552  20.564],8.49,7198,[  8.57275 -41.0435   22.0907 ],2.00181,0.0,-3.9,[-0.599786  0.747246  0.286146],-0.2878850090657952
370,I,86,GLY,N,[ -4.124 -29.781  20.95 ],0.0,9793,[  8.10447 -41.5578   21.1346 ],3.66151,0.0,-3.9,[-0.418033  0.869442 -0.263285],0.2631751839688551
371,I,86,GLY,CA,[ -3.55  -28.561  20.436],0.0,2469,[ 15.8339 -42.9022  19.8595],0.063632,0.354279,-3.9,[ 0.908293  -0.40864    0.0895409],-0.08457888369071027
372,I,86,GLY,C,[ -2.402 -28.075  21.293],0.0,4944,[ 13.1453 -46.8035  22.273 ],-5.26341,0.0,-3.9,[-0.27893   -0.956058   0.0902848],-0.09526605457121572
373,I,86,GLY,O,[ -2.233 -28.499  22.43 ],24.64,8075,[ 11.5776 -44.9936  19.9147],0.474333,0.0,-3.9,[-0.340145 -0.915025 -0.216867],0.2115857969739421
374,I,86,GLY,H,[ -4.705 -29.664  21.573],3.4,3021,[ 11.6927 -46.4577  22.173 ],0.153731,0.0,-3.9,[-0.355208 -0.925731  0.129804],-0.13521337134671935
375,I,86,GLY,HA2,[ -3.237 -28.708  19.53 ],0.0,2735,[  8.961  -43.9383  19.508 ],2.18137,0.0,-3.9,[-0.389279  -0.918118  -0.0743092],0.06868320593402703
376,I,86,GLY,HA3,[ -4.234 -27.875  20.393],0.0,963,[  8.90175 -45.605    22.025  ],0.732543,0.0,-3.9,[-0.348998  -0.936961   0.0174747],-0.02288040586033561
377,I,87,SER,N,[ -1.608 -27.171  20.727],0.0,7198,[  8.57275 -41.0435   22.0907 ],2.00181,0.0,-3.9,[-0.599786  0.747246  0.286146],-0.2878850090657952
378,I,87,SER,CA,[ -0.444 -26.647  21.421],0.0,7198,[  8.57275 -41.0435   22.0907 ],2.00181,0.0,-3.9,[-0.599786  0.747246  0.286146],-0.2878850090657952
379,I,87,SER,C,[ -0.057 -25.307  20.824],0.0,9215,[  6.24325 -41.9438   21.7111 ],3.77712,0.349183,-3.9,[-0.781857   0.622937  -0.0254561],0.02205405138270664
380,I,87,SER,O,[ -0.469 -24.959  19.717],0.0,9793,[  8.10447 -41.5578   21.1346 ],3.66151,0.0,-3.9,[-0.418033  0.869442 -0.263285],0.2631751839688551
381,I,87,SER,CB,[  0.743 -27.603  21.338],3.62,3949,[  6.60625 -44.6558   22.0912 ],1.93612,0.844108,-3.9,[-0.634626 -0.742299  0.215039],-0.22178686925767618
