,chain,resid,resname,atom_type,coords,sasa,MaSIF_index,surf_coords,surf_iface,surf_charge,surf_hbond,surf_hphob,surf_normals,surf_norm_fibril_dot,point_direction
0,E,85.0,ALA,C,[ -2.723 -30.999  10.871],0.0,4839,[ -0.913  -31.873   11.2098],0.604408,0.294057,-0.00568582,1.8,[0.998504  0.0462843 0.0291052],-0.022066774335009445,
1,E,85.0,ALA,O,[ -1.918 -31.114   9.943],5.36,3066,[ -0.597 -30.763  10.244],0.722108,-0.568392,-0.0,1.8,[ 0.955121 -0.274045  0.112439],-0.10672252548922574,
2,E,85.0,ALA,CB,[ -2.238 -33.278  11.794],7.25,9578,[ -0.649375 -33.6351    12.3311  ],0.430415,0.508585,0.0,1.8,[ 0.898844 -0.394701  0.190503],-0.18555865767077565,
3,E,85.0,ALA,HB2,[ -2.634 -34.049  12.23 ],12.74,5811,[ -2.84238 -35.0911   12.0895 ],0.226561,0.493869,0.0,1.8,[-0.0925209 -0.988771   0.117355 ],-0.12115396517501008,
4,E,85.0,ALA,HB3,[ -1.842 -33.552  10.952],7.65,8883,[ -1.60563 -34.725    11.049  ],0.278574,0.54586,0.0,1.8,[ 0.404138 -0.90011  -0.162708],0.16261149363271474,
5,E,86.0,GLY,N,[ -3.118 -29.819  11.336],0.0,9929,[ -0.795937 -30.0032    11.4214  ],0.716161,0.526138,0.0,0.624499,[ 0.870855 -0.476027  0.122515],-0.11802597779194475,
6,E,86.0,GLY,C,[ -1.452 -28.058  11.678],0.0,8476,[ -0.64275 -29.7531   12.5111 ],0.724041,-0.376198,0.0,-0.4,[ 0.658135  -0.749907   0.0670645],-0.06492119874013984,
7,E,86.0,GLY,H,[ -3.704 -29.721  11.958],0.0,4337,[ -1.17425 -31.1816   12.2843 ],0.662112,0.597094,-0.0370268,1.46296,[0.994352  0.0094323 0.10571  ],-0.09881593101857382,
8,E,86.0,GLY,HA3,[ -3.289 -27.918  10.778],0.0,2557,[  0.6465  -28.6076    9.98038],0.768922,0.511608,-0.567085,-0.503131,[ 0.324245  -0.94146   -0.0922989],0.09152086683159238,
9,E,87.0,SER,N,[ -0.688 -27.129  11.112],0.0,2922,[  0.348  -29.188   11.5819],0.749048,0.442993,0.0,-0.758501,[ 0.286926 -0.931962 -0.221632],0.22062312715942273,
10,E,87.0,SER,CA,[  0.458 -26.566  11.806],0.0,7795,[  2.13188 -28.9044   10.8294 ],0.766982,0.494429,0.0,-0.8,[ 0.292909 -0.93081  -0.218626],0.21766218186538852,
11,E,87.0,SER,C,[  0.801 -25.215  11.208],0.0,6771,[  3.52144 -27.981    11.1584 ],0.786546,0.401476,0.0,-0.8,[ 0.294932 -0.930255 -0.218266],0.21731792652115156,
12,E,87.0,SER,CB,[  1.676 -27.484  11.723],3.62,1664,[  0.97725 -28.5545   14.547  ],0.774222,0.521665,0.0,-0.8,[ 0.0934657 -0.991444  -0.0911161],0.08858582537771487,
13,E,87.0,SER,OG,[  2.795 -26.857  12.317],0.0,8734,[  1.32325 -29.3355   12.3162 ],0.771054,0.42462,0.0,-0.8,[ 0.216634  -0.971599   0.0952071],-0.09681864934296547,
14,E,87.0,SER,HA,[  0.221 -26.467  12.741],0.0,6177,[  3.8225 -28.3065  12.594 ],0.806013,1.32102,0.0,-0.364465,[ 0.044822  -0.997582   0.0531176],-0.055998977980052024,
15,E,87.0,SER,HB2,[  1.489 -28.323  12.173],10.19,7356,[  7.76963 -27.9219   14.2944 ],0.893747,0.321871,0.0,1.8,[-0.0679866  -0.997667    0.00613812],-0.009799484915313805,
16,E,87.0,SER,HB3,[  1.868 -27.696  10.796],3.4,7806,[  7.54338 -28.7549   12.1993 ],0.874188,0.599348,0.0,1.8,[-0.007939 -0.970982 -0.23902 ],0.2358512541583432,
17,E,87.0,SER,HG,[  2.987 -27.248  13.035],3.4,7893,[  8.83394 -28.0336   10.3549 ],0.887133,-0.233371,0.0,1.8,[-0.370472 -0.920789 -0.122056],0.11654984323799028,
18,E,90.0,ALA,N,[  6.277 -24.966  11.833],0.0,7629,[  6.04362 -28.7216   11.1962 ],0.838834,0.719429,0.0,1.8,[-0.0745279 -0.956268  -0.282837 ],0.2792546208833507,
19,E,90.0,ALA,CA,[  6.851 -26.054  12.61 ],0.0,1215,[  5.00375 -27.717    10.0618 ],0.823197,1.13107,0.391179,0.461903,[-0.263837 -0.958403 -0.108879],0.10398862284424319,
20,E,90.0,ALA,O,[  8.727 -26.527  11.191],0.0,10143,[  6.1905 -29.049   13.0108],0.86127,0.640549,0.0,1.8,[-0.116789 -0.985894  0.119892],-0.12384913073421083,
21,E,90.0,ALA,CB,[  6.129 -27.361  12.303],7.25,7968,[  4.822  -28.1998  11.4757],0.817671,0.930977,0.0,1.8,[-0.220264 -0.939649 -0.261808],0.25727385812923564,
22,E,90.0,ALA,HA,[  6.741 -25.861  13.554],0.0,5861,[  9.7    -29.3644  13.6261],0.900345,0.143298,0.0,-0.7,[-0.93616  -0.310857  0.164234],-0.17168328522323373,
23,E,90.0,ALA,HB2,[  5.19  -27.273  12.528],0.0,9889,[ 10.5245 -31.9802  13.6642],0.916764,0.840412,0.0,-0.7,[-0.743625 -0.658979  0.113   ],-0.12023627357888618,
24,E,92.0,THR,N,[ 11.859 -28.001  12.879],0.0,6574,[  9.41413 -30.8538   11.2186 ],0.90384,0.507509,0.0,-0.7,[-0.943806 -0.196183 -0.265974],0.2588264692515323,
25,E,92.0,THR,CA,[ 12.451 -29.26   13.299],0.0,727,[ 12.518  -31.8635  15.272 ],0.907692,0.254168,-0.94655,-0.7,[-0.0383246 -0.975228   0.217858 ],-0.221236779712483,
26,E,92.0,THR,C,[ 13.821 -29.424  12.669],0.0,360,[  9.6745 -30.7143  13.4782],0.916811,0.418639,0.0,-0.7,[-0.957569  -0.283054   0.0542464],-0.06175761540138684,
27,E,92.0,THR,O,[ 14.07  -28.963  11.556],0.0,4064,[ 11.2926 -32.9676  12.2472],0.887578,2.09438,0.683713,-0.7,[-0.740065 -0.644172 -0.19325 ],0.18607681768213633,
28,E,92.0,THR,CB,[ 11.559 -30.457  12.967],0.0,1944,[  9.687  -31.9018  11.2998],0.907874,0.678289,0.0,-0.7,[-0.724818 -0.676244 -0.131658],0.12448917182475888,
29,E,92.0,THR,OG1,[ 12.29  -31.67   13.176],1.07,7614,[  9.334  -29.9004  11.788 ],0.890518,0.290369,0.0,-0.7,[-0.950327  -0.310933  -0.0141527],0.006600265260170261,
30,E,92.0,THR,CG2,[ 11.015 -30.383  11.588],2.42,1371,[ 10.172  -30.3638   9.775 ],0.876198,0.250954,0.0,-0.7,[-0.922175 -0.252787 -0.292731],0.28555081742142585,
31,E,92.0,THR,H,[ 12.038 -27.775  12.069],0.0,6344,[ 10.6781 -38.317   11.9371],0.791925,0.995612,0.0,4.2,[-0.999243   -0.0386368   0.00460691],-0.011624988718881216,
32,E,92.0,THR,HB,[ 10.794 -30.441  13.563],4.25,7382,[ 11.2692 -34.8333  12.3554],0.866413,0.819393,0.0,4.2,[-0.870286   0.484315  -0.0896703],0.08521267414672481,
33,E,92.0,THR,HG1,[ 11.8   -32.328  12.995],7.65,3686,[ 12.1595  -37.5395    9.12362],0.831342,0.96363,0.0,4.2,[-0.96994  -0.140632  0.198595],-0.2057316618498042,
34,E,92.0,THR,HG22,[ 10.485 -29.576  11.492],0.85,2462,[ 11.4535 -40.712   10.0175],0.744229,1.6072,0.0,-3.9,[-0.73082   0.627775 -0.267955],0.26491356747015266,
35,E,92.0,THR,HG23,[ 11.747 -30.367  10.952],0.0,1434,[ 11.6225 -38.9545  14.2878],0.868803,0.943089,0.0,4.2,[-0.994105   0.0220387  0.106162 ],-0.11294753539504122,
36,E,95.0,VAL,CA,[ 14.551 -37.234  12.293],0.0,9930,[ 11.3651 -36.9354  14.3647],0.898185,0.914662,0.0,4.2,[-0.996854   0.0288305  0.073829 ],-0.08061270446311763,
37,E,95.0,VAL,HB,[ 13.102 -37.332  10.852],0.0,898,[ 10.3392 -45.1505  12.4312],0.0915248,0.844255,0.0,-3.9,[-0.424679  -0.905189   0.0167731],-0.022599342292521286,
38,E,95.0,VAL,HG11,[ 11.703 -38.94   11.887],10.19,7199,[  9.94   -40.6603  12.4858],0.711365,2.3848,0.0,-3.9,[-0.66509   0.725861  0.175446],-0.17770722394489008,
39,E,95.0,VAL,HG12,[ 13.184 -39.488  11.775],0.0,9818,[  9.50275 -41.1927   11.5262 ],0.618114,3.71894,0.0,-3.9,[-0.408723  0.888727 -0.207627],0.20764474042522094,
40,E,97.0,LYS,C,[ 16.083 -45.129  12.582],20.53,2778,[ 10.6275 -43.7539  10.2349],0.126934,2.22965,0.0,-3.9,[-0.337173 -0.931757 -0.1347  ],0.1293881375285473,
41,E,97.0,LYS,CB,[ 13.822 -44.099  12.284],1.21,9232,[  9.29   -41.8601  14.7621],0.650282,3.08331,0.315151,-3.9,[-0.399492   0.911997   0.0931034],-0.09293881193140834,
42,E,97.0,LYS,CD,[ 11.415 -43.41   12.184],1.21,9589,[  7.47675 -41.9481   12.6053 ],0.28593,2.86832,0.540911,-3.9,[-0.941512    0.336854    0.00918581],-0.014603885779335666,
43,E,97.0,LYS,NZ,[  9.049 -42.669  12.093],2.19,558,[  8.06625 -44.3908   12.2157 ],0.112346,2.0639,0.727838,-3.9,[-0.600161 -0.799695 -0.017188],0.010487556842946215,
44,E,97.0,LYS,HB2,[ 13.889 -43.989  11.323],0.85,7152,[-2.43750e-02 -3.03765e+01  2.02550e+00],0.816606,0.470499,0.0,0.782939,[ 0.928344 -0.351326  0.121439],-0.11615431381227961,
45,E,97.0,LYS,HB3,[ 13.528 -45.009  12.446],13.59,9171,[  0.34675  -30.3988     0.645375],0.824411,-0.162069,-0.297218,1.8,[ 0.959149 -0.154398 -0.237055],0.24317202372984306,
46,E,97.0,LYS,HG2,[ 12.697 -43.237  13.773],0.0,4910,[ -1.23662 -35.1379    1.83413],0.39663,0.54912,0.0,1.8,[ 0.0215931 -0.980994  -0.192832 ],0.1898363174378448,
47,E,97.0,LYS,HD3,[ 11.134 -44.317  12.382],13.59,8149,[  0.509313 -33.579      2.85669 ],0.621473,0.492727,0.0,1.8,[ 0.932074 -0.28447   0.224311],-0.21878367027107487,
48,E,97.0,LYS,HE2,[ 10.318 -42.507  13.665],0.85,9053,[ -2.1195  -34.9543    2.96125],0.322525,0.514355,0.0,1.8,[-0.264735 -0.950949  0.160035],-0.16489994718558504,
49,E,97.0,LYS,HE3,[ 10.67  -41.525  12.506],1.7,4039,[ -0.117625 -34.6632     1.42625 ],0.545554,0.520767,0.0,1.8,[ 0.542217 -0.792167 -0.280129],0.28132722505847346,
50,E,97.0,LYS,HZ3,[  8.776 -43.493  12.289],22.09,9352,[  0.805375 -29.5533     1.99481 ],0.845558,0.444786,0.0,-0.719475,[ 0.529475 -0.841338 -0.108659],0.10961692173702736,
51,A,85.0,ALA,N,[ -3.238 -33.008   1.053],1.09,8498,[  0.366625 -29.8501     2.88825 ],0.812994,-0.462727,0.0,-0.4,[ 0.693163 -0.712131  0.111331],-0.10882385291430563,
52,A,85.0,ALA,CB,[ -1.109 -33.428   2.172],7.25,4606,[  2.18863 -29.3464    2.67175],0.866984,0.385254,0.0,-0.8,[ 0.248411 -0.949115  0.19358 ],-0.19489750372885192,
53,A,85.0,ALA,H,[ -2.984 -33.713   0.631],11.89,4397,[  3.4345  -28.9676    2.70138],0.883661,0.485186,0.0,-0.8,[ 0.441953  -0.89527    0.0562997],-0.05611347169435006,
54,A,85.0,ALA,HA,[ -2.612 -32.175   2.763],0.0,18,[  4.245 -28.252   3.347],0.881636,1.90472,0.0,-0.8,[ 0.260355 -0.925229  0.275983],-0.27713927724317716,
55,A,85.0,ALA,HB1,[ -0.436 -33.027   2.744],11.04,7534,[  1.01044 -28.9622    3.9925 ],0.820626,-0.387798,-0.538105,-0.4,[ 0.477353 -0.853076  0.210705],-0.2101350380033781,
56,A,85.0,ALA,HB3,[ -0.704 -33.689   1.33 ],16.14,1913,[  4.2115  -28.4438    2.15775],0.910578,0.116867,0.0,-0.8,[ 0.315371 -0.932427 -0.176412],0.17559921125926428,
57,A,86.0,GLY,CA,[ -1.61  -28.747   1.193],0.0,3934,[  8.30906 -28.7543    2.83962],0.894475,0.556901,0.0,1.8,[ 0.158221  -0.987018  -0.0275846],0.025517123439636455,
58,A,86.0,GLY,C,[ -0.498 -28.185   2.049],0.0,2907,[  9.4   -28.661   2.999],0.873233,0.464637,0.0,1.24598,[-0.291598  -0.951878   0.0943369],-0.09939206846673797,
59,A,86.0,GLY,H,[ -2.691 -29.921   2.331],0.0,4395,[  5.62275 -28.352     2.712  ],0.881823,0.685512,0.0,1.8,[-0.145596   -0.989322   -0.00653997],0.0023694524776581485,
60,A,86.0,GLY,HA2,[ -1.288 -28.875   0.287],12.74,7940,[  6.92375 -28.1564    4.9075 ],0.860052,0.679413,0.0,1.8,[-0.0375269 -0.993437   0.108054 ],-0.11148871721318299,
61,A,86.0,GLY,HA3,[ -2.338 -28.107   1.148],0.0,9451,[  7.1455  -28.9126    3.37063],0.865671,0.602733,0.0,1.8,[-0.108067 -0.969812  0.2186  ],-0.22244263618413962,
62,A,87.0,SER,C,[  1.66  -25.269   1.575],0.0,685,[ 10.7545 -29.0182   4.586 ],0.841291,-0.059019,0.0,-0.7,[-0.93985  -0.301083 -0.161341],0.1538881186653164,
63,A,87.0,SER,CB,[  2.61  -27.506   2.093],3.62,6765,[ 11.3883  -31.3557    3.96994],0.895443,0.520932,0.0,-0.7,[-0.810542 -0.559874  0.171939],-0.17931815625892722,
64,A,87.0,SER,OG,[  3.708 -26.842   2.686],0.0,1847,[ 11.9925 -32.7425   3.245 ],0.884265,1.34671,0.784891,-0.7,[-0.781862  -0.622508   0.0342842],-0.04166987273615487,
65,A,87.0,SER,H,[  0.093 -26.921   0.692],4.25,3081,[ 10.8525  -31.055     2.91575],0.885257,0.554715,0.0,-0.7,[-0.898194 -0.403011  0.175581],-0.1830628842247843,
66,A,87.0,SER,HB2,[  2.451 -28.35    2.544],11.89,9560,[ 10.6975  -30.117     4.52281],0.882097,0.3135,0.0,-0.7,[-0.949254 -0.258333 -0.179389],0.17200750751791216,
67,A,87.0,SER,HG,[  3.826 -27.136   3.464],2.55,1198,[ 10.6895 -31.5305   1.3945],0.902544,0.562272,0.0,-0.7,[-0.77899  -0.555345 -0.291149],0.283988651594687,
68,A,90.0,ALA,N,[  7.124 -24.837   2.2  ],0.0,6531,[ 10.3621  -29.4029    3.02238],0.865665,0.4383,0.0,-0.7,[-0.887298 -0.433032  0.158702],-0.1662052565510003,
69,A,90.0,ALA,C,[  9.223 -25.978   2.677],0.0,6821,[ 12.1429  -37.6628    2.99537],0.756383,0.807669,0.0,4.2,[-0.975242 -0.1796    0.129021],-0.13632095009531173,
70,A,90.0,ALA,O,[  9.625 -26.316   1.56 ],21.43,8067,[ 12.0245 -38.7095   2.7665],0.713123,0.850367,0.0,4.2,[-0.968934  0.211301  0.128523],-0.1345285910560086,
71,A,90.0,ALA,CB,[  7.056 -27.235   2.674],7.25,2753,[ 12.0107 -35.1077   2.8335],0.805903,0.680595,0.0,4.2,[-0.888809   0.456808   0.0366804],-0.04135019831026355,
72,A,90.0,ALA,HB2,[  6.114 -27.177   2.899],0.0,8445,[ 12.877   -38.6188    4.64625],0.684128,0.86398,0.0,4.2,[-0.99785     0.0655184  -0.00155246],-0.005122897694358937,
73,A,90.0,ALA,HB3,[  7.15  -27.438   1.73 ],15.29,5809,[ 11.4664  -36.4835    2.28262],0.762857,0.6886,0.0,4.2,[-0.978541 -0.127665 -0.161739],0.15457406962063186,
74,A,92.0,THR,N,[ 12.805 -27.682   3.251],0.0,6728,[ 12.774   -35.4075    4.41325],0.838525,0.724784,0.0,4.2,[-0.896662  0.333046  0.291681],-0.2967936385509516,
75,A,92.0,THR,HA,[ 13.529 -28.891   4.638],0.0,3739,[ 12.4905  -45.0112    2.85975],0.102868,0.676395,0.0,-3.9,[-0.218421 -0.965032  0.144933],-0.14952389077787895,
76,A,92.0,THR,HB,[ 11.82  -30.154   3.937],5.1,7187,[ 11.31    -40.399     2.87675],0.551656,2.12789,0.0,-3.9,[-0.642253  0.757321 -0.11822 ],0.11620852671812544,
77,A,92.0,THR,HG1,[ 12.89  -32.009   3.373],5.95,7714,[  8.943 -42.846   2.675],0.157627,2.89301,0.0,-3.9,[-0.975871  -0.210811  -0.0568632],0.04945366383393812,
78,A,95.0,VAL,CG1,[ 13.922 -38.473   2.579],2.42,6182,[ 11.5766  -43.6325    4.54663],0.107229,2.01816,0.0,-3.9,[-0.303124 -0.916277  0.261826],-0.2668419336212317,
79,A,95.0,VAL,H,[ 16.683 -35.686   1.336],5.1,4636,[  9.07925 -41.2371    3.12212],0.276981,2.12326,0.859226,-3.9,[-0.73462   0.656675  0.17062 ],-0.17358249582725227,
80,A,95.0,VAL,HB,[ 14.359 -36.969   1.237],14.44,5894,[ 10.0434 -44.2597   2.816 ],0.102596,2.54044,0.805132,-3.9,[-0.481464  -0.875673   0.0372798],-0.04340280600281661,
81,A,95.0,VAL,HG13,[ 13.96  -38.574   3.543],0.0,8333,[ -0.418   -31.8339    6.72188],0.685785,0.450572,0.0,1.8,[0.990973  0.0926242 0.0969192],-0.08978249266501334,
82,A,95.0,VAL,HG21,[ 12.484 -36.284   2.48 ],20.39,411,[-1.050e-02 -3.104e+01  5.313e+00],0.682373,-0.333579,-0.0144672,1.8,[ 0.997545  -0.0609593  0.0344712],-0.027782406394697194,
83,A,95.0,VAL,HG22,[ 13.395 -36.165   3.77 ],0.0,4875,[ -1.80037 -35.1029    6.68113],0.386956,0.563563,0.0,1.8,[-0.0266119 -0.993257  -0.112836 ],0.10947078455109074,
84,A,97.0,LYS,CA,[ 16.688 -43.477   3.289],0.0,7506,[  0.08025 -33.2847    7.37231],0.49391,0.501649,0.0,1.8,[ 0.968296 -0.186914  0.165728],-0.1596402684373618,
85,A,97.0,LYS,C,[ 17.597 -44.66    2.978],24.15,4484,[ -2.3335 -35.0525   8.0705],0.321048,0.495721,0.0,1.8,[-0.211886 -0.946789  0.242269],-0.24675361074021948,
86,A,97.0,LYS,O,[ 18.762 -44.483   2.625],36.43,1229,[ -0.11075 -33.9637    6.40975],0.472436,0.518461,0.0,1.8,[ 0.927725 -0.348336 -0.134116],0.1393985953047932,
87,A,97.0,LYS,CB,[ 15.304 -43.707   2.678],1.21,8582,[ -0.193687 -29.9587     6.74344 ],0.72403,0.579311,0.0,0.920076,[ 0.865155   -0.501431    0.00860671],-0.004241600154556232,
88,A,97.0,LYS,CE,[ 11.811 -42.154   3.092],1.21,9572,[ -0.142312 -29.8967     7.87156 ],0.737444,-0.480552,0.0,-0.4,[ 0.750422  -0.66025    0.0306057],-0.027539796131739673,
89,A,97.0,LYS,NZ,[ 10.486 -42.437   2.485],2.19,3198,[ -0.648875 -31.2388     7.69688 ],0.6948,0.474264,-0.116079,0.807921,[ 0.997583   -0.00590374  0.0692358 ],-0.06236956617377193,
90,A,97.0,LYS,H,[ 17.648 -42.3     2.03 ],8.49,5756,[ -0.127625 -30.0111     5.40637 ],0.761927,0.0337935,-0.403566,1.8,[ 0.915396 -0.385057  0.117396],-0.11230870559817484,
91,A,97.0,LYS,HA,[ 16.589 -43.4     4.251],0.0,604,[  0.54525 -29.0125    5.8105 ],0.781663,0.755841,-0.03824,-0.705296,[ 0.593362  -0.804719  -0.0186687],0.02018720840380625,
92,A,97.0,LYS,HB2,[ 15.367 -43.597   1.716],13.59,2952,[  0.866375 -29.2571     6.79712 ],0.785021,0.459228,0.0,-0.758947,[ 0.229898 -0.928767 -0.290756],0.28936187080026254,
93,A,97.0,LYS,HB3,[ 15.041 -44.626   2.841],13.59,4047,[  2.34525 -29.2388    6.52725],0.819871,0.472414,0.0,-0.8,[ 0.178931 -0.947879 -0.263645],0.26183883564183563,
94,A,97.0,LYS,HG2,[ 14.151 -42.881   4.166],0.0,866,[  3.9   -28.362   7.988],0.844913,1.77496,0.0,-0.8,[ 0.262023 -0.946982  0.185927],-0.18714397946163266,
95,A,97.0,LYS,HD2,[ 12.939 -43.026   1.612],13.59,8874,[  2.00125 -28.4995    9.2185 ],0.79838,0.676553,0.0,-0.8,[ 0.282346 -0.924914  0.254586],-0.2555901543048485,
96,A,97.0,LYS,HD3,[ 12.624 -44.015   2.776],13.59,2353,[  1.71137 -29.4434    7.47675],0.80083,0.435219,0.0,-0.8,[ 0.202111 -0.973044  0.111068],-0.11278392051182454,
97,A,97.0,LYS,HE2,[ 11.749 -42.231   4.057],0.85,631,[  2.85575 -28.7685    5.793  ],0.850309,0.539528,0.0,-0.8,[ 0.399737 -0.868313 -0.293673],0.2936440892990839,
98,A,97.0,LYS,HZ1,[  9.884 -41.866   2.807],22.09,5731,[  7.23413 -28.1165    9.75863],0.869722,0.517443,0.0,1.8,[ 0.0971711 -0.984373   0.146857 ],-0.14933220212428297,
99,A,97.0,LYS,HZ2,[ 10.538 -42.345   1.601],22.94,5064,[  8.22287 -27.7406    5.6945 ],0.858129,-0.142278,-0.300762,1.8,[ 0.0871153 -0.984697  -0.150938 ],0.1483837693554904,
100,C,85.0,ALA,N,[ -3.772 -32.941   5.9  ],0.0,1083,[  5.597   -28.3722    8.40362],0.863728,0.927523,0.0,1.8,[-0.384712 -0.877201  0.287254],-0.2927070996443939,
101,C,85.0,ALA,C,[ -2.174 -31.126   6.092],0.0,9182,[  6.63175 -29.016     8.27287],0.839241,0.656732,0.0,1.8,[-0.120894 -0.949755  0.288704],-0.2925689326719872,
102,C,85.0,ALA,CB,[ -1.649 -33.395   7.017],7.25,2882,[  7.30175 -28.9685    7.36775],0.804613,0.637098,0.0,1.8,[ 0.0421255 -0.96894   -0.24368  ],0.24086308873780982,
103,C,85.0,ALA,H,[ -3.53  -33.651   5.479],5.95,6424,[ 10.1315 -29.4715   8.7115],0.714505,0.269843,0.0,-0.7,[-0.944465   -0.328559   -0.00589976],-0.0016683912106784148,
104,C,85.0,ALA,HB1,[ -0.969 -33.005   7.588],11.04,10207,[ 10.4838  -31.1114    8.45497],0.873926,0.488946,0.0,-0.7,[-0.861683  -0.50475    0.0522511],-0.05981018688359614,
105,C,85.0,ALA,HB2,[ -2.031 -34.172   7.455],13.59,2311,[ 11.1425  -32.013     8.64787],0.897418,1.15038,0.0650899,-0.7,[-0.729954 -0.668335  0.143161],-0.15033201289608678,
106,C,85.0,ALA,HB3,[ -1.249 -33.663   6.175],8.49,8170,[  9.85363 -30.2529    6.57638],0.744515,0.426818,0.0,-0.7,[-0.939088 -0.285965 -0.190625],0.18322490606051658,
107,C,86.0,GLY,CA,[ -2.077 -28.706   6.041],0.0,8372,[ 11.6216  -32.5444    7.34906],0.876401,1.8479,0.468537,-0.7,[-0.674459 -0.688528 -0.26652 ],0.259655432518492,
108,C,86.0,GLY,C,[ -0.955 -28.162   6.896],0.0,4774,[ 11.0939  -32.0475    6.32137],0.897883,0.717759,0.0,-0.7,[-0.397859 -0.883313 -0.247925],0.24234615971413745,
109,C,86.0,GLY,H,[ -3.175 -29.865   7.18 ],0.0,675,[ 12.6775 -31.957    6.3745],0.893034,0.619636,0.0,-0.7,[-0.19095  -0.936043 -0.29557 ],0.29124868177316265,
110,C,86.0,GLY,HA2,[ -1.758 -28.838   5.135],0.0,7913,[ 13.1248  -34.8078    6.08612],0.86396,0.767055,0.0,4.2,[-0.760387  0.617531 -0.201164],0.19788771195973107,
111,C,86.0,GLY,HA3,[ -2.795 -28.055   5.997],0.0,2902,[ 11.5351 -37.8382   7.8275],0.838048,0.963647,0.0,4.2,[-0.958407 -0.178409  0.222768],-0.22994527079265076,
112,C,87.0,SER,CA,[  0.93  -26.637   7.021],0.0,8373,[ 11.7975  -34.9296    7.85256],0.862734,0.795791,0.0,4.2,[-0.853098  0.491836 -0.174127],0.1698095929755848,
113,C,87.0,SER,C,[  1.248 -25.28    6.422],0.0,6921,[ 12.5395  -35.7308    5.42775],0.866323,0.803807,0.0,4.2,[-0.824465  0.482406 -0.295875],0.2917214602578385,
114,C,87.0,SER,OG,[  3.272 -26.885   7.531],0.0,1669,[ 12.228  -38.762    9.1035],0.816201,0.981168,0.0,4.2,[-0.987292   0.0978529  0.125215 ],-0.13171037736181718,
115,C,87.0,SER,H,[ -0.344 -26.906   5.539],0.0,6346,[ 11.0684  -36.0284    7.82475],0.855581,0.824023,0.0,4.2,[-0.917118  0.381807  0.114534],-0.11963687088719406,
116,C,90.0,ALA,H,[  6.184 -25.196   6.423],0.0,7190,[ 10.6593 -40.5607   7.7065],0.627126,2.38316,0.0,-3.9,[-0.668575   0.742622  -0.0389728],0.03673496553183086,
117,C,90.0,ALA,HA,[  7.201 -25.819   8.765],0.0,5692,[  8.347 -43.361   7.473],0.164219,3.30493,0.0,-3.9,[-0.888105 -0.43323   0.153561],-0.16107060689035246,
118,C,92.0,THR,C,[ 14.341 -29.257   7.878],0.0,1409,[ 11.7797  -40.2785    8.80875],0.745281,1.75489,0.0,-3.9,[-0.823476  0.511174  0.246149],-0.25018799175319306,
119,C,92.0,THR,O,[ 14.581 -28.793   6.764],0.0,7485,[ 12.2517  -44.0199    5.42263],0.102994,1.13939,0.0,-3.9,[-0.205871 -0.941473 -0.266919],0.26247818256672034,
120,C,92.0,THR,OG1,[ 12.85  -31.53    8.388],0.0,10296,[ 10.3275 -41.6247   9.89  ],0.595297,2.88063,0.0,-3.9,[-0.432515   0.900239  -0.0500009],0.04989587447141004,
121,C,92.0,THR,H,[ 12.529 -27.641   7.277],0.0,4746,[  8.41362 -41.3704    7.98688],0.397239,2.26668,0.862871,-3.9,[-0.762607  0.606792  0.224131],-0.22744467493629597,
122,C,92.0,THR,HA,[ 13.061 -29.09    9.474],0.0,9226,[ 10.4656  -43.3565    5.42975],0.11619,2.91593,0.24739,-3.9,[-0.292145 -0.908201 -0.299705],0.2947744289133104,
123,C,92.0,THR,HB,[ 11.331 -30.327   8.773],5.1,6508,[  9.337   -44.419     7.48825],0.102684,2.96242,0.776476,-3.9,[-0.400959 -0.899011 -0.176103],0.17045461433436046,
124,C,92.0,THR,HG22,[ 11.009 -29.469   6.702],1.7,9899,[ -1.41663 -31.8106   16.3559 ],0.646374,0.390402,0.0,1.8,[0.99538   0.026425  0.0923012],-0.08534605047376785,
125,C,92.0,THR,HG23,[ 12.284 -30.239   6.163],0.0,3159,[ -0.983  -31.006   14.9495],0.747587,-0.275481,-0.0343245,1.8,[ 0.990381 -0.132325  0.040433],-0.0340218283073639,
126,C,95.0,VAL,N,[ 15.797 -35.835   6.964],0.0,3602,[ -2.07275 -34.7882   15.8994 ],0.336143,0.503334,0.0,1.8,[ 0.367949 -0.906742 -0.205991],0.2056223236841401,
127,C,95.0,VAL,O,[ 16.276 -38.436   5.871],0.0,8444,[ -1.08881 -33.5525   17.3399 ],0.561276,0.451177,0.0,1.8,[ 0.952988 -0.208709  0.219669],-0.21375507336580776,
128,C,95.0,VAL,CB,[ 13.76  -37.287   7.033],0.0,4212,[ -3.4275 -34.987   17.6825],0.349906,0.43382,0.0,1.8,[-0.28579  -0.92214   0.260734],-0.26564912513958855,
129,C,95.0,VAL,CG1,[ 13.301 -38.676   7.41 ],1.21,1227,[ -1.1705 -33.9475  16.0392],0.444141,0.482831,0.0,1.8,[ 0.876015  -0.472941  -0.0944648],0.09899302760624741,
130,C,95.0,VAL,CG2,[ 12.795 -36.285   7.636],3.62,10080,[ -1.05603 -29.9332   16.0582 ],0.7599,0.543317,-0.0759481,1.8,[ 0.896879  -0.435248   0.0785273],-0.07372949970452833,
131,C,95.0,VAL,HB,[ 13.761 -37.179   6.069],0.0,9399,[ -0.560687 -29.3419    17.8743  ],0.787109,-1.11569,0.0,-0.493992,[ 0.445758 -0.880032  0.163841],-0.16357664883586856,
132,C,95.0,VAL,HG11,[ 12.39  -38.81    7.105],9.34,25,[ -1.4555 -30.215   17.5535],0.734356,-0.0130259,-0.0531354,-0.4,[ 0.862117 -0.489919  0.129356],-0.12497152369049959,
133,C,95.0,VAL,HG12,[ 13.881 -39.333   6.993],0.0,5250,[ -1.06938 -30.132    13.949  ],0.718234,-0.1541,-0.502828,1.00999,[ 0.93683   -0.341498   0.0756826],-0.07030923608926674,
134,C,95.0,VAL,HG13,[ 13.337 -38.779   8.374],0.0,5035,[ -0.38775 -28.7875   14.605  ],0.747679,0.393804,-0.580447,-0.4,[ 0.552035  -0.83362    0.0183241],-0.01718215096701113,
135,C,95.0,VAL,HG21,[ 11.898 -36.465   7.313],18.69,8560,[ 4.31250e-03 -2.91936e+01  1.62101e+01],0.771148,0.489849,0.0,-0.8,[ 0.205431 -0.953084 -0.222327],0.22068821923819604,
136,C,95.0,VAL,HG22,[ 12.811 -36.361   8.603],0.0,4503,[  1.5665 -28.9478  15.504 ],0.779864,0.48806,0.0,-0.8,[ 0.225179 -0.933284 -0.279777],0.278336174014349,
137,C,95.0,VAL,HG23,[ 13.057 -35.387   7.378],2.55,4247,[  2.79137 -28.326    18.1966 ],0.819874,2.19733,0.17285,-0.8,[ 0.305203 -0.925518  0.224203],-0.22505225662950057,
138,C,97.0,LYS,CA,[ 15.989 -43.724   8.116],0.0,1094,[  0.59525 -28.674    18.7887 ],0.797467,0.446739,0.0,-0.8,[ 0.154922 -0.973954  0.165568],-0.16761085162491116,
139,C,97.0,LYS,C,[ 16.879 -44.92    7.804],20.53,8663,[  0.9215 -29.4371  17.1796],0.788042,0.396917,0.0,-0.8,[ 0.140869 -0.981797  0.1274  ],-0.12956601481688745,
140,C,97.0,LYS,CG,[ 13.526 -42.997   8.032],0.0,3953,[  6.70837 -28.2104   19.4706 ],0.881027,0.269727,0.0,1.8,[ 0.0715948 -0.994918   0.0707912],-0.07347881551490323,
141,C,97.0,LYS,CD,[ 12.181 -43.285   7.407],2.42,2721,[  7.59981 -29.0172   17.5971 ],0.905396,0.489152,0.0,1.54623,[-0.104417  -0.991498  -0.0776392],0.07374379100039956,
142,C,97.0,LYS,NZ,[  9.803 -42.585   7.318],2.19,3424,[  4.6395 -28.5815  16.4255],0.853262,0.77037,0.0,1.8,[-0.369866 -0.903996 -0.214454],0.20900308960440012,
143,C,97.0,LYS,H,[ 16.967 -42.56    6.857],0.0,6038,[  4.40575 -27.759    15.3025 ],0.844055,1.11343,0.0,1.8,[-0.213728 -0.934773 -0.283761],0.2792869233827495,
144,C,97.0,LYS,HB2,[ 14.665 -43.821   6.544],0.85,2771,[  6.3865 -29.171   17.024 ],0.874699,0.591827,0.0,1.8,[ 0.136855 -0.969699 -0.202372],0.20020746880793175,
145,C,97.0,LYS,HB3,[ 14.324 -44.846   7.669],12.74,646,[  3.9585 -28.394   17.3645],0.8328,0.889093,0.0,1.66972,[-0.180773 -0.978023  0.103882],-0.10825588387673278,
146,C,97.0,LYS,HD3,[ 11.916 -44.197   7.606],13.59,9030,[ 10.0628 -32.34    17.9982],0.907891,1.37951,0.176848,-0.7,[-0.752849  -0.655696   0.0572874],-0.06457842257678705,
147,C,97.0,LYS,HE3,[ 11.404 -41.413   7.727],1.7,6279,[  8.979  -30.8794  16.0641],0.929617,0.460187,0.0,-0.7,[-0.94652  -0.247063 -0.20751 ],0.20018262167203357,
148,C,97.0,LYS,HZ1,[  9.21  -42.005   7.641],22.09,8909,[  9.594  -28.906   15.0545],0.911052,-0.771997,0.0,-0.7,[-0.793608 -0.54558  -0.269312],0.2620826687367605,
149,C,97.0,LYS,HZ3,[  9.545 -43.413   7.516],21.24,3600,[  9.2465 -31.022   18.425 ],0.915442,0.395774,0.0,-0.7,[-0.899081  -0.428607   0.0891636],-0.09673600751687367,
150,G,85.0,ALA,CA,[ -3.757 -32.277  16.384],0.0,8262,[  9.82887 -32.169    15.7946 ],0.914027,0.673603,0.0,-0.7,[-0.572063 -0.779662 -0.254699],0.24824966528526973,
151,G,85.0,ALA,C,[ -3.15  -31.051  15.724],0.0,2553,[  8.858  -29.8495  16.4608],0.927131,0.256767,0.0,-0.7,[-0.968376 -0.19198  -0.15935 ],0.1520494727014871,
152,G,85.0,ALA,O,[ -2.345 -31.174  14.797],6.43,2795,[ 10.7303 -32.0596  15.0308],0.91492,0.603829,0.0,-0.7,[-0.577078 -0.799374 -0.167278],0.16073351327326477,
153,G,85.0,ALA,CB,[ -2.693 -33.336  16.645],7.25,5869,[ 12.8496 -35.247   15.159 ],0.883495,0.8096,-0.123901,3.91789,[-0.576656  0.80906  -0.113531],0.11213782882865239,
154,G,85.0,ALA,H,[ -4.576 -33.533  15.1  ],5.1,6332,[ 10.1643 -38.5228  16.8075],0.869534,0.9515,0.0,4.2,[-0.987598  -0.0909618 -0.127971 ],0.12086200137546915,
155,G,85.0,ALA,HB1,[ -2.003 -32.967  17.219],10.19,4151,[ 10.2148 -35.7136  17.3048],0.886575,0.773379,0.0,4.2,[-0.861767   0.503798   0.0595341],-0.06386628929329886,
156,G,86.0,GLY,C,[ -1.847 -28.125  16.537],0.0,8535,[ 10.9965 -38.6168  19.0369],0.814994,0.860124,0.0,4.2,[-0.995933  -0.0247248 -0.0866391],0.07968573905883905,
157,G,86.0,GLY,O,[ -1.671 -28.546  17.674],1.07,4493,[  9.72863 -37.0209   16.7051 ],0.871565,0.841594,0.0,4.2,[-0.952397   0.0677617 -0.297233 ],0.29086988970188765,
158,G,86.0,GLY,H,[ -4.117 -29.763  16.811],0.0,4933,[ 10.813  -35.1385  17.8948],0.870844,0.761477,0.0,4.2,[-0.809138  0.513723  0.285278],-0.28920877468071804,
159,G,87.0,SER,H,[ -1.197 -26.884  15.185],0.0,9754,[  9.41525 -40.88     17.1195 ],0.737506,2.46174,0.0,-3.9,[-0.659358   0.749498  -0.0591619],0.05700907996961019,
160,G,87.0,SER,HA,[ -0.158 -26.557  17.605],0.0,7812,[  7.16275 -43.7718   17.4942 ],0.0935102,3.77426,0.0887882,-3.9,[-0.920773 -0.368193  0.128883],-0.13641061018279915,
161,G,90.0,ALA,O,[  8.35  -26.71   16.071],0.0,7822,[ 10.6834 -44.2754  15.0248],0.0965585,1.2448,0.0,-3.9,[-0.269145 -0.933258 -0.237887],0.23303673113849294,
162,G,90.0,ALA,CB,[  5.74  -27.516  17.177],7.25,400,[  9.87975 -45.4782   17.1763 ],0.0969497,0.765357,0.0,-3.9,[-0.401007  -0.915828  -0.0212771],0.015579045940274282,
163,G,90.0,ALA,H,[  5.376 -25.367  16.088],0.0,7209,[  8.85112 -42.017    19.8517 ],0.420915,2.72046,0.092192,-3.9,[-0.419214  0.863414 -0.28067 ],0.28053224365413604,
164,G,90.0,ALA,HB1,[  6.122 -28.238  17.7  ],11.89,4800,[  7.13613 -41.6079   16.9223 ],0.434407,2.6298,0.472194,-3.9,[-0.643807  0.730311 -0.228381],0.22626919019496183,
165,G,90.0,ALA,HB2,[  4.801 -27.417  17.4  ],0.0,8907,[  9.22475 -43.7124   15.2258 ],0.0938071,3.23153,0.193393,-3.9,[-0.350226 -0.890931 -0.289109],0.2838332504163452,
166,G,92.0,THR,CA,[ 12.038 -29.488  18.183],0.0,7599,[ -2.0505 -31.7682  21.1134],0.668765,0.364244,0.0,1.8,[0.975819  0.0927538 0.197924 ],-0.19088851766245835,
167,G,92.0,THR,O,[ 13.664 -29.207  16.443],0.0,5888,[ -1.7355 -31.2035  18.817 ],0.68298,-0.941121,-0.0530066,1.8,[ 0.992235 -0.035776  0.119119],-0.11238381292749057,
168,G,92.0,THR,CB,[ 11.133 -30.674  17.847],0.0,3878,[ -1.898  -34.0326  21.8541],0.518606,0.415197,0.0,1.8,[ 0.732179 -0.622716  0.275935],-0.27286777158948544,
169,G,92.0,THR,H,[ 11.645 -27.998  16.953],0.0,5780,[ -1.5635 -33.0112  21.8097],0.620578,0.399451,0.0,1.8,[0.981682  0.0571753 0.181746 ],-0.17478437994128268,
170,G,92.0,THR,HA,[ 12.128 -29.465  19.149],0.0,662,[ -3.9235 -35.0218  21.2695],0.368077,0.419378,0.0,1.8,[-0.1796   -0.973655 -0.140498],0.13613912221394783,
171,G,92.0,THR,HB,[ 10.366 -30.65   18.44 ],3.4,8920,[ -2.77163 -34.7298   20.6588 ],0.423289,0.45334,0.0,1.8,[ 0.370247 -0.904928 -0.209813],0.20946587358219876,
172,G,92.0,THR,HG1,[ 11.353 -32.548  17.874],6.8,7200,[ -1.6505 -30.491   20.0397],0.709541,-0.354789,-0.171991,1.8,[ 0.953897  -0.287124   0.0874083],-0.08174284611120419,
173,G,92.0,THR,HG21,[ 10.026 -31.361  16.296],16.14,4391,[ -1.29  -29.1    19.604],0.791987,0.190774,-0.135321,-0.4,[ 0.682582   -0.730749   -0.00931422],0.011685296658250717,
174,G,92.0,THR,HG22,[ 10.073 -29.78   16.371],1.7,7719,[ -0.932437 -29.4199    21.3786  ],0.73653,0.272364,0.0,-0.62269,[ 0.380367  -0.921571   0.0776383],-0.07796054688563518,
175,G,95.0,VAL,O,[ 15.081 -38.893  15.534],0.0,4008,[  1.56375 -29.0575   21.9035 ],0.763092,0.355599,0.0,-0.8,[ 0.38096   -0.922494   0.0622354],-0.06255695409520631,
176,G,95.0,VAL,CB,[ 12.596 -37.674  16.692],0.0,5970,[  2.94812 -28.442    21.734  ],0.825512,0.51295,0.0,0.47734,[ 0.160638  -0.986963  -0.0100009],0.007950784567029075,
177,G,95.0,VAL,CG2,[ 11.659 -36.646  17.295],2.42,3210,[  0.336  -29.5058  21.438 ],0.762875,0.333434,0.0,-0.8,[ 0.103839 -0.984908 -0.138472],0.13603284473954563,
178,G,95.0,VAL,H,[ 14.98  -36.386  15.834],0.0,3855,[  1.03437 -28.9792   20.2664 ],0.799605,0.390811,0.0,-0.8,[ 0.242267 -0.938162 -0.247304],0.24596640736560804,
179,G,95.0,VAL,HG11,[ 11.182 -39.157  16.758],9.34,8343,[  6.48588 -29.1262   22.3626 ],0.867252,0.475235,0.0,1.8,[ 0.164893 -0.968719  0.185458],-0.1874147271792146,
180,G,95.0,VAL,HG21,[ 10.758 -36.799  16.969],18.69,6281,[  5.13637 -29.3221   22.0411 ],0.841593,0.526307,0.0,1.8,[-0.192843   -0.981228    0.00173988],-0.006210252944039572,
181,G,95.0,VAL,HG23,[ 11.948 -35.756  17.04 ],2.55,364,[  4.186  -28.9595  21.497 ],0.826429,0.597939,0.0,1.8,[-0.464453   -0.885543   -0.00988024],0.0038416600422010866,
182,G,97.0,LYS,N,[ 15.279 -42.962  17.285],0.0,8107,[  5.49781 -28.4721   19.525  ],0.884454,0.66447,0.0,1.8,[-0.18086   -0.983429   0.0125205],-0.01691492399456748,
183,G,97.0,LYS,CG,[ 12.194 -43.377  17.678],0.0,9864,[  8.80766 -31.6433   22.5523 ],0.887985,0.442507,0.0,-0.7,[-0.868321 -0.417008  0.268555],-0.27587286795812144,
184,G,97.0,LYS,CD,[ 10.843 -43.624  17.049],1.21,5283,[  9.49687 -32.9026   22.325  ],0.868012,1.37986,0.353475,-0.7,[-0.822889  -0.56425    0.0668988],-0.07438018744846078,
185,G,97.0,LYS,CE,[  9.822 -42.634  17.565],1.21,10068,[  8.28019 -30.7211   21.3418 ],0.911777,0.368484,0.0,-0.7,[-0.950646  -0.309939   0.0144822],-0.02203282727701175,
186,G,97.0,LYS,HB3,[ 12.938 -45.248  17.315],12.74,8086,[  9.19775 -32.3745   20.5252 ],0.885194,0.610351,0.0,-0.7,[-0.627995 -0.746599 -0.219573],0.2128445598174685,
187,G,97.0,LYS,HG3,[ 12.473 -42.466  17.498],0.0,9654,[ 10.1746 -32.2197  19.3793],0.909816,0.573671,0.0,-0.7,[-0.688259 -0.714691 -0.124565],0.11752559959697606,
188,G,97.0,LYS,HD2,[ 10.912 -43.551  16.084],0.85,2421,[ 10.4954 -36.6799  19.8438],0.858921,0.795114,0.0,4.2,[-0.968839  0.186876 -0.162569],0.15647749157007365,
189,G,97.0,LYS,HD3,[ 10.551 -44.528  17.244],11.89,680,[ 10.908  -40.0515  19.1965],0.759859,0.962084,0.0,0.906625,[-0.925229  0.361776 -0.114321],0.10909145155906073,
190,G,97.0,LYS,HE2,[  9.755 -42.711  18.53 ],0.85,9621,[  9.66263 -35.8932   21.5842 ],0.821303,0.659786,0.0,4.2,[-0.828093  0.509779 -0.233212],0.22912283049871515,
191,G,97.0,LYS,HZ3,[  8.203 -43.677  17.15 ],19.54,5497,[  8.99275 -36.991    21.437  ],0.775583,0.682027,0.0,4.2,[-0.9642    -0.0316727 -0.263278 ],0.2565162514289703,
192,I,85.0,ALA,HB2,[ -3.78  -34.023  21.842],22.09,963,[  8.90175 -45.605    22.025  ],0.0987248,0.732543,0.0,-3.9,[-0.348998  -0.936961   0.0174747],-0.022880405860335615,
193,I,85.0,ALA,HB3,[ -2.972 -33.552  20.564],8.49,7198,[  8.57275 -41.0435   22.0907 ],0.461908,2.00181,0.0,-3.9,[-0.599786  0.747246  0.286146],-0.2878850090657952,
194,I,86.0,GLY,N,[ -4.124 -29.781  20.95 ],0.0,9793,[  8.10447 -41.5578   21.1346 ],0.352378,3.66151,0.0,-3.9,[-0.418033  0.869442 -0.263285],0.26317518396885503,
195,I,86.0,GLY,HA2,[ -3.237 -28.708  19.53 ],0.0,2735,[  8.961  -43.9383  19.508 ],0.106241,2.18137,0.0,-3.9,[-0.389279  -0.918118  -0.0743092],0.06868320593402703,
196,I,87.0,SER,C,[ -0.057 -25.307  20.824],0.0,9215,[  6.24325 -41.9438   21.7111 ],0.204941,3.77712,0.349183,-3.9,[-0.781857   0.622937  -0.0254561],0.02205405138270664,
197,I,87.0,SER,CB,[  0.743 -27.603  21.338],3.62,3949,[  6.60625 -44.6558   22.0912 ],0.0980896,1.93612,0.844108,-3.9,[-0.634626 -0.742299  0.215039],-0.2217868692576762,
198,,,,,,,6948,[ -3.47425 -34.5788   10.5204 ],0.278017,1.36422,0.334391,1.8,[-0.126616 -0.983962 -0.125644],0.12161814914179174,0.9282208131412001
199,,,,,,,3652,[ -4.0645 -34.1437  13.441 ],0.280903,0.705931,0.261809,1.8,[-0.174606 -0.964724 -0.197029],0.19273152403569221,0.96769975871
200,,,,,,,4257,[ -1.92875 -34.1095   13.6622 ],0.296721,0.474362,0.0,1.8,[ 0.524982 -0.804751  0.277073],-0.2760178529838396,0.696660220654
201,,,,,,,5587,[ -3.02437 -34.3784   13.9222 ],0.244191,0.523633,0.132289,1.8,[-0.0406374 -0.995199   0.0890323],-0.09249466717517958,0.9863730103974
202,,,,,,,6959,[ -3.73837 -34.5672   15.3555 ],0.287019,1.14471,0.0772223,1.8,[-0.0710401 -0.984207  -0.16214  ],0.15849577275645063,0.9678344020651001
203,,,,,,,324,[ -0.662  -32.1735  12.568 ],0.560989,0.424515,0.0,1.8,[0.969011 0.217429 0.117226],-0.10984087445375346,0.9810367947838999
204,,,,,,,4076,[ -0.941  -32.4953  10.2867],0.546884,-0.137794,-0.608185,1.8,[ 0.998954  -0.0436879  0.0134936],-0.006740424010670999,0.99583023487275
205,,,,,,,6209,[ -0.707   -31.1998    9.16725],0.608542,-0.938669,-0.0598382,1.8,[ 0.986658 -0.117229  0.112975],-0.10653911330429396,0.9830442573973
206,,,,,,,6364,[ -0.70925 -33.8727   11.1873 ],0.389584,0.518587,0.0,1.8,[ 0.94574   -0.314652  -0.0810598],0.08657601487044077,0.92740246370544
207,,,,,,,9557,[ -0.854875 -33.3601     9.01437 ],0.430102,0.395357,0.0,1.8,[ 0.900765 -0.381864  0.206886],-0.20188685225679678,0.887764606032
208,,,,,,,488,[ -0.257 -32.141   8.021],0.585252,0.414534,0.0,1.8,[0.960228 0.208446 0.185776],-0.17847823856726333,0.880898811182
209,,,,,,,991,[ -1.79475 -34.9137   12.239  ],0.256085,0.506765,0.0,1.8,[ 0.458214 -0.861344  0.219375],-0.21896329953990595,0.7936278383850001
210,,,,,,,1895,[ -1.43125 -33.1845   14.1943 ],0.396855,0.308319,0.0,1.8,[ 0.906528 -0.341484  0.248186],-0.2430166822768962,0.9968915074739999
211,,,,,,,4306,[ -1.783  -34.1527  14.7146],0.363957,0.466869,0.0,1.8,[ 0.656751 -0.72696  -0.200519],0.20271844498568728,0.8390490637470001
212,,,,,,,6539,[ -1.238  -32.036   14.2063],0.633935,-0.505286,-0.107609,1.8,[ 0.98884   -0.0267066  0.146568 ],-0.13982642294999514,0.9272756663906
213,,,,,,,5864,[ -2.55375 -34.315     9.26425],0.291271,0.602458,0.223176,1.8,[ 0.139399   -0.990222    0.00527106],-0.007477707331583873,0.9798119772054001
214,,,,,,,1408,[  2.0055 -28.7178  13.3295],0.778932,0.755076,0.0,-0.8,[ 0.254562 -0.927573  0.273507],-0.2747108199628677,0.8814722577824999
215,,,,,,,4110,[  2.53912 -28.9137   12.2894 ],0.779471,0.583434,0.0,-0.8,[ 0.410478  -0.908067   0.0831997],-0.08327081458331789,0.9456210321715999
216,,,,,,,5410,[  3.6925 -27.6667   9.906 ],0.804832,1.45431,0.639556,-0.8,[ 0.211673  -0.975412  -0.0613674],0.05970489317974551,0.9833406796694
217,,,,,,,2440,[  6.02362 -28.1455    9.5395 ],0.83475,0.847686,0.0,1.8,[-0.268861 -0.952113  0.145584],-0.1504815582157222,0.7746361290189999
218,,,,,,,3624,[  4.079  -27.8704  13.7522],0.80833,1.5037,0.567592,-0.8,[-0.180218 -0.943246  0.278943],-0.2831967103785188,0.7634234797160001
219,,,,,,,903,[  2.03125 -28.514    14.718  ],0.798947,0.65222,0.0,-0.8,[ 0.346245 -0.927558 -0.140536],0.13995285319615064,0.9647889372781001
220,,,,,,,4133,[  2.05725 -29.078    17.1964 ],0.810942,0.518794,0.0,-0.8,[ 0.415812 -0.902582  0.111561],-0.11157693964415928,0.9235586648242999
221,,,,,,,5271,[  3.29625 -27.6825   14.634  ],0.81847,1.34802,0.620178,-0.8,[ 0.286056  -0.953173   0.0981443],-0.0992178048640354,0.96281155023797
222,,,,,,,10089,[  3.35941 -28.1663   16.1567 ],0.832492,0.397989,0.0,-0.8,[ 0.214809 -0.952555 -0.21563 ],0.2140578119213383,0.9841295776143
223,,,,,,,3427,[  8.73763 -29.0684   12.4213 ],0.89664,0.380073,0.0,1.11054,[-0.49408 -0.84742  0.19433],-0.2004451066767378,0.8802266093276
224,,,,,,,9156,[  6.15744 -28.2616   14.5564 ],0.846321,0.677616,0.0,1.8,[-0.0181513 -0.995785   0.0899033],-0.09321236753890226,0.995247716011376
225,,,,,,,895,[  9.6235 -28.4245   9.067 ],0.834637,0.184017,0.0,0.52432,[-0.578078 -0.795902  0.179905],-0.18643523997283404,0.9250610348139998
226,,,,,,,4327,[  8.45244 -28.8112    7.91456],0.843018,0.522837,0.0,1.56173,[-0.115525 -0.992471  0.040695],-0.04466674466599827,0.951688088499
227,,,,,,,5676,[  5.11575 -28.4342    7.45975],0.866543,0.869736,0.0,1.39135,[-0.204576  -0.977626  -0.0489575],0.044416232212051286,0.9962648530325001
228,,,,,,,3069,[  9.79625 -31.3072   12.54   ],0.912379,0.554166,0.0,-0.7,[-0.891574 -0.405032  0.202596],-0.21003789361398387,0.993836099728
229,,,,,,,4029,[  9.87025 -31.172    14.6488 ],0.9233,0.446861,0.0,-0.7,[-0.827842 -0.490949 -0.271379],0.26408821569833973,0.8830378413269999
230,,,,,,,164,[ 10.447  -32.2525  12.409 ],0.907936,1.09293,0.0560054,-0.7,[-0.660023  -0.746681   0.0826836],-0.08962455167945209,0.992199948874
231,,,,,,,3197,[ 10.9536 -32.358   11.3961],0.905771,0.928523,0.0,-0.7,[-0.260674 -0.917129 -0.301534],0.2967919508351868,0.764139112541
232,,,,,,,5830,[ 11.6683  -32.1011    9.89175],0.900419,0.692174,0.0,-0.7,[-0.436492  -0.896139   0.0800601],-0.0859370609009882,0.5664771009516
233,,,,,,,3256,[ 13.9265 -33.0592  15.444 ],0.899284,0.804693,0.0,2.8,[-0.94362   -0.325086  -0.0624459],0.05489305777126746,0.3395924897778
234,,,,,,,2561,[ 12.908  -32.475   10.2535],0.901271,0.755598,0.0,-0.7,[-0.785887 -0.579811  0.214945],-0.22221659512726147,0.913567352897
235,,,,,,,9023,[ 13.0468 -34.1852  10.4867],0.880077,0.796494,0.0,4.2,[-0.970391  0.228439  0.078472],-0.08443425083024311,0.555833693907
236,,,,,,,4536,[  9.81588 -29.584     7.46887],0.793319,0.350295,0.0,-0.7,[-0.816178 -0.544028  0.194648],-0.20201468122406677,0.8332026494979999
237,,,,,,,5470,[ 11.439  -40.1161  14.0426],0.809651,1.18735,0.0,-2.31126,[-0.92966     0.368417    0.00124716],-0.006482689956540419,0.9147275389882756
238,,,,,,,4766,[ 10.876  -36.6969   7.0505],0.840545,0.844815,0.0,4.2,[-0.985472 -0.118035 -0.122114],0.11493320776169025,0.9481969799700001
239,,,,,,,603,[  9.417 -40.886   8.021],0.46514,2.83131,0.232145,-3.9,[-0.354304  0.919705  0.169147],-0.1686437605181567,0.79097647127
240,,,,,,,2775,[ 10.7972 -40.9525  14.88  ],0.761763,1.56924,0.0,-3.9,[-0.77355    0.631022  -0.0585759],0.055256081893731,0.7766782926056
241,,,,,,,4013,[  8.989  -43.7713  13.7261],0.121016,2.92334,0.0,-3.9,[-0.506824 -0.831628  0.226988],-0.23313956061180213,0.9718253196108001
242,,,,,,,4438,[  9.43213 -44.5759   12.656  ],0.0856575,1.79327,0.140423,-3.9,[-0.35175  -0.920291  0.171277],-0.17664390539330127,0.9852909744976999
243,,,,,,,1483,[  7.7365 -41.5985  11.705 ],0.363632,3.06549,0.107352,-3.9,[-0.640408  0.708837 -0.295681],0.293521982143516,0.888570041651
244,,,,,,,1666,[  8.6105 -41.1705  13.093 ],0.526601,3.03103,0.319,-3.9,[-0.517453  0.831567  0.201839],-0.2027425450204832,0.983166715151
245,,,,,,,9709,[  8.22437 -42.4776   14.089  ],0.358523,2.74516,0.236474,-3.9,[-0.958951  0.200002  0.201028],-0.20699877017929127,0.8182319307999999
246,,,,,,,7749,[  8.82312 -42.1154    9.48594],0.279947,2.09248,0.545242,-3.9,[-0.958677  0.265603  0.101945],-0.10770682640698064,0.6067153623370001
247,,,,,,,7351,[ 11.5765  -44.163     9.49175],0.118727,1.26641,0.0,-3.9,[-0.284351  -0.958666   0.0102021],-0.015231418816408515,0.9646753008361
248,,,,,,,1566,[ 10.7647  -44.798     7.64225],0.0988818,0.973575,0.0,-3.9,[-0.321769 -0.940499 -0.109206],0.10397318539805686,0.99951839398
249,,,,,,,1091,[ -0.604   -35.0363    2.64525],0.488235,0.514599,0.0,1.8,[ 0.405945 -0.886042  0.223915],-0.22394284544523807,0.855514474232
250,,,,,,,2780,[ -1.99625 -34.7043    1.0315 ],0.461821,0.949111,0.0,1.8,[-0.0627425 -0.955953  -0.286736 ],0.28323583305310596,0.906858236151
251,,,,,,,4495,[ -1.81687 -34.4065    4.58488],0.324862,0.629973,0.234575,1.8,[ 0.049295   -0.998773    0.00480842],-0.007664142803177265,0.97695964914044
252,,,,,,,22,[  0.2005 -32.4705   0.9155],0.640054,0.0939131,0.0,1.8,[ 0.957718   0.0289633 -0.286248 ],0.2929404683805733,0.8441545277841999
253,,,,,,,501,[  0.263 -32.152   3.174],0.672854,0.394218,0.0,1.8,[0.974485 0.176681 0.138433],-0.13113988197423354,0.859395838921
254,,,,,,,1126,[ 2.1000e-02 -2.9910e+01  4.0825e+00],0.789914,-0.577031,-0.17386,-0.0305863,[ 0.881217 -0.454465  0.13007 ],-0.1254402671153515,0.9935334559680001
255,,,,,,,2911,[ -0.23725 -31.0907    4.10625],0.743745,-0.641276,-0.231529,1.8,[0.99968   0.0129287 0.0217299],-0.014790308420327237,0.9261435987898999
256,,,,,,,3327,[ -0.14375 -31.2499    2.85175],0.754985,0.447207,-0.120302,0.775542,[9.98290e-01 4.22615e-04 5.84559e-02],-0.05156485585231905,0.93370688216261
257,,,,,,,8035,[  0.097625 -31.8479     1.87725 ],0.740439,0.436018,0.0,1.8,[0.984372  0.163656  0.0650336],-0.057716064370813225,0.8642368474624
258,,,,,,,1228,[  0.527  -33.6605   1.5115],0.615459,0.488285,0.0,1.8,[ 0.979327 -0.118658 -0.163827],0.17019972971843278,0.1691405799597
259,,,,,,,3917,[ -0.620875 -34.1431     5.12213 ],0.441593,0.488156,0.0,1.8,[ 0.79732  -0.590687 -0.123975],0.1275826176613767,0.883385016345
260,,,,,,,6513,[ -0.27375 -33.0653    4.517  ],0.54082,0.25625,0.0,1.8,[ 0.929754 -0.264005  0.256628],-0.2510502573451635,0.999265515454
261,,,,,,,6951,[ -2.66275 -34.6605    5.73625],0.379879,1.24701,0.077495,1.8,[-0.027669 -0.989423 -0.142396],0.13903490471330915,0.9254274212820002
262,,,,,,,3571,[  1.47637 -28.6271    5.2175 ],0.813029,0.527534,0.0,-0.8,[ 0.273835 -0.955062 -0.113447],0.11227701130073332,0.8573113792699999
263,,,,,,,5383,[  2.39987 -28.4993    4.52738],0.846952,0.628247,0.0,-0.8,[ 0.304128 -0.94818   0.091982],-0.0929150126391435,0.8962790964859999
264,,,,,,,8687,[  4.76931 -27.5387    5.11356],0.901868,0.954117,0.558345,0.0947198,[ 0.0391002  -0.999214    0.00651924],-0.009446666595666446,0.93648090198992
265,,,,,,,4512,[ 10.1575 -28.0825   4.586 ],0.889427,0.08648,0.0,0.566012,[-0.50613  -0.842318  0.18529 ],-0.19147218464471633,0.74619148246
266,,,,,,,3966,[ 10.2575  -31.282     5.88125],0.884599,0.573658,0.0,-0.7,[-0.769419 -0.570601 -0.287069],0.2799259896475629,0.941252707562
267,,,,,,,4504,[ 11.483  -31.615    5.2495],0.890761,0.576634,0.0,-0.7,[-0.542335 -0.800217 -0.255978],0.24966797135678417,0.791945031259
268,,,,,,,6807,[  9.31262 -28.8544    6.96325],0.777593,0.207098,0.0,-0.7,[-0.679566 -0.667048 -0.305347],0.29851480696383026,0.8887919084110001
269,,,,,,,141,[ 13.475  -32.0485   5.748 ],0.886888,0.642922,0.0,-0.7,[-0.629353  -0.774706   0.0612004],-0.06802003341975119,0.9543775219456
270,,,,,,,1756,[ 11.339   -31.978     2.46075],0.890596,0.733989,0.136233,-0.7,[-0.642345  -0.764636  -0.0522004],0.04532006928332718,0.9397721322784
271,,,,,,,8469,[ 12.7055  -33.8293    3.29644],0.850393,0.861836,0.445128,1.28918,[-0.974466 -0.134244  0.179986],-0.18713398725189828,0.8959519586820001
272,,,,,,,9745,[ 12.5111  -36.7796    4.41684],0.828978,0.829162,0.0,4.2,[-0.985087 -0.131637  0.110796],-0.11801092802105635,0.9986352319700001
273,,,,,,,2551,[ 12.1397  -40.573     5.20425],0.668059,1.4647,0.0,-3.9,[-0.788528    0.614958    0.00712281],-0.010595477499832901,0.8271126711495874
274,,,,,,,2266,[ 13.9761  -33.8713    5.37238],0.874076,0.697783,0.0,3.2979,[-0.933939  0.327095  0.14411 ],-0.14950315112517842,0.988399441898
275,,,,,,,4287,[ 11.3504 -44.4541   2.978 ],0.109315,1.48147,0.0,-3.9,[-0.312197  -0.946403   0.0827915],-0.08797161168909283,0.9782320368675
276,,,,,,,1569,[ 10.    -40.943   3.476],0.383833,2.93964,0.323663,-3.9,[-0.363634  0.883357  0.295719],-0.29539278714833106,0.8675699338189999
277,,,,,,,6843,[ 10.6707 -41.6001   5.1425],0.497591,2.77018,0.294091,-3.9,[-0.369467   0.928226  -0.0434826],0.04390233752012197,0.945396844669
278,,,,,,,4729,[  9.489 -43.135   3.803],0.159864,2.80585,0.0,-3.9,[-0.768188 -0.587255  0.254988],-0.26216013814109074,0.8589527719114001
279,,,,,,,2690,[ -0.798375 -34.7721     6.30312 ],0.409628,0.536263,0.0,1.8,[ 0.480979 -0.868656 -0.118724],0.11925960280031106,0.38467200039099997
280,,,,,,,8029,[ -0.35625 -32.5423    5.588  ],0.62238,-0.121886,-0.504004,1.8,[ 0.998288   -0.0581346  -0.00639908],0.013100857465209876,0.983271589692344
281,,,,,,,3681,[  2.961   -29.0382    7.47975],0.817053,0.585745,0.0,-0.8,[ 0.471995 -0.873456  0.119562],-0.11909685616263234,0.9807184689445998
282,,,,,,,8896,[  3.80306 -28.1952    6.50313],0.864202,0.305728,0.0,-0.8,[ 0.374461 -0.89245  -0.251618],0.2513386693565398,0.9792751223509999
283,,,,,,,5502,[ 12.4019 -33.9038   8.585 ],0.835387,0.960474,0.379643,0.124782,[-0.974595   0.0432314  0.219764 ],-0.22634382143708154,0.7139780949150001
284,,,,,,,3071,[  8.0855 -42.292    7.592 ],0.262756,3.06724,0.163986,-3.9,[-0.991371  -0.0452853 -0.123012 ],0.11602327264516415,0.881170646742
285,,,,,,,667,[ -3.22025 -35.105    16.5085 ],0.307969,0.482194,0.0,1.8,[-0.119947  -0.988864  -0.0880927],0.08409826347726891,0.94891540168816
286,,,,,,,6145,[ -3.69088 -34.2617   18.8609 ],0.393681,0.52896,0.225142,1.8,[ 0.0736237  -0.99724    -0.00955713],0.006873760560961973,0.86034003721466
287,,,,,,,466,[ -1.28  -32.126  17.679],0.653386,0.343583,0.0,1.8,[0.969241 0.183569 0.163932],-0.15665228639107406,0.9847450377234002
288,,,,,,,2842,[ -1.5695 -30.1232  18.7315],0.723233,-0.374148,-0.395969,0.699513,[ 0.877908 -0.444824  0.177226],-0.17258688498935476,0.8784557633112
289,,,,,,,2996,[ -1.63437 -31.2219   17.336  ],0.732026,0.399117,0.0,1.8,[0.991844   0.00884289 0.127154  ],-0.12027850187112687,0.99923182087305
290,,,,,,,4108,[ -1.377  -32.522   15.2105],0.521579,-0.127018,-0.507362,1.8,[ 0.993147  -0.113639  -0.0273151],0.033803191650687854,0.98303453377688
291,,,,,,,6406,[ -1.90375 -32.7513   19.0834 ],0.603154,0.119836,-0.45939,1.8,[ 0.966277 -0.156865  0.204213],-0.19804193239177276,0.9765167475906
292,,,,,,,6947,[ -4.63794 -34.5242   20.1318 ],0.333656,1.24577,0.464676,1.8,[-0.151748 -0.980555 -0.124435],0.12024668040897721,0.97341115067
293,,,,,,,3672,[ -2.30562 -34.0704   19.5611 ],0.505494,0.400195,0.0,1.8,[ 0.688603 -0.688439 -0.227764],0.230305693708007,0.7498811208989999
294,,,,,,,3629,[  1.63038 -28.5128   19.5168 ],0.809273,0.679296,0.130214,-0.8,[ 0.385889  -0.922328   0.0199988],-0.02028703477858445,0.9869678867488002
295,,,,,,,7325,[ -0.308625 -28.7336    19.4536  ],0.800534,0.303239,-0.648504,-0.446538,[ 0.285231  -0.954392   0.0881992],-0.08928258538989657,0.9814901457692
296,,,,,,,34,[  4.873  -28.5605  18.2525],0.868722,0.804204,0.0,1.8,[-0.385591 -0.891096  0.239305],-0.2448100134928054,0.76069475667
297,,,,,,,977,[  5.40175 -29.1933   17.554  ],0.857899,0.630163,0.0,1.8,[-0.286825 -0.956748  0.048626],-0.0536651407207097,0.808849740067
298,,,,,,,2962,[  2.927  -27.7075  19.9465],0.827654,1.06161,0.345684,-0.400069,[ 0.207672  -0.975662  -0.0704066],0.06871542579155498,0.9505894893921999
299,,,,,,,2974,[  2.30512 -28.252    20.6635 ],0.822256,0.127808,0.0,-0.8,[ 0.361079 -0.890806 -0.27584 ],0.2754728966672234,0.872815226025
300,,,,,,,3670,[  3.75125 -27.8446   18.9164 ],0.837763,1.36144,0.568245,-0.8,[-0.186418 -0.972074  0.142549],-0.14694167916878081,0.874736564925
301,,,,,,,5228,[  8.31775 -28.5791   19.1941 ],0.905033,0.0696004,0.0,1.0255,[-0.458517 -0.874608  0.157553],-0.16351079148182504,0.848489175166
302,,,,,,,7803,[  7.75769 -29.2917   21.6644 ],0.922029,0.237421,0.0,-0.7,[-0.629885  -0.770251  -0.0997918],0.092978097498971,0.71417571254784
303,,,,,,,1509,[  9.1755 -30.7325  19.3862],0.912504,0.217656,0.0,-0.7,[-0.900869 -0.334455 -0.276721],0.2694269568365857,0.44716189902619996
304,,,,,,,6567,[  8.96262 -29.6935   17.8151 ],0.91422,0.340192,0.0,-0.7,[-0.90626   -0.422444   0.0152686],-0.022872956292263606,0.51229588964288
305,,,,,,,6923,[  9.405  -31.6917  17.3424],0.911431,0.588149,0.0,-0.7,[-0.88101   -0.467847   0.0702835],-0.07785733162702783,0.9740592629799
306,,,,,,,9376,[ 11.5337 -32.7228  20.1822],0.893015,0.681561,0.0,-0.7,[-0.559993 -0.792542 -0.241423],0.2350161147753019,0.9274262933187999
307,,,,,,,9708,[ 11.217  -35.873   19.9501],0.845411,0.776642,0.0,4.2,[-0.756002  0.6229   -0.201136],0.1979071487319097,0.9533388989963999
308,,,,,,,10474,[ 10.1855 -40.9415  19.1187],0.743909,1.68093,0.0,-3.9,[-0.625062  0.77211   0.11465 ],-0.11648880341988196,0.5934964347030001
309,,,,,,,8301,[ 12.116  -34.3545  19.776 ],0.881107,0.706871,0.0,0.681958,[-0.994715   0.0369733  0.0957885],-0.10253075472096063,0.8511820919689
310,,,,,,,4118,[ 10.1891 -44.5594  19.0979],0.0928627,1.20324,0.0,-3.9,[-0.326634  -0.94481    0.0253991],-0.0306753857619687,0.9787582662212001
311,,,,,,,8365,[  8.96663 -44.6465   16.6758 ],0.0807896,2.73649,0.0,-3.9,[-0.295997 -0.90575  -0.303321],0.29837158933774566,0.8575888276420001
312,,,,,,,659,[  8.147 -41.149  17.663],0.662651,2.56075,0.232515,-3.9,[-0.363785   0.926923   0.0920542],-0.09159550916834878,0.92914538330902
313,,,,,,,737,[  7.603 -44.674  17.15 ],0.0801483,1.75936,0.819264,-3.9,[-0.514267   -0.857615    0.00498654],-0.01127902966129371,0.78993368832082
314,,,,,,,3051,[  6.7765 -42.5315  17.226 ],0.185434,2.77657,0.147111,-3.9,[-0.984024   0.0352791 -0.174508 ],0.16782627595399588,0.8705820983217
315,,,,,,,4277,[  7.54213 -42.2318   19.0993 ],0.261237,1.9911,0.492208,-3.9,[-0.699363   0.708544   0.0941051],-0.09666056514152502,0.39520217421029996
316,,,,,,,6096,[  7.696  -43.4375  19.0161],0.126686,2.39645,0.439082,-3.9,[-0.733936 -0.677865  0.042862],-0.05009388254922931,0.930897783619
317,,,,,,,1236,[ -1.85075 -33.9103   20.799  ],0.548259,0.418612,0.0,1.8,[ 0.921628 -0.368254 -0.122433],0.12761012907303917,0.8409527263748
318,,,,,,,4015,[ -1.99825 -32.4157   20.102  ],0.634441,-0.230396,-0.0398567,1.8,[ 0.999964   -0.00720292 -0.00458802],0.011464390869878632,0.9742076930444239
319,,,,,,,909,[ -2.9795 -34.9255  21.8248],0.424223,0.398633,0.0,1.8,[ 0.379516 -0.893956  0.238351],-0.23858610707380531,0.9003237330450001
320,,,,,,,4441,[ 10.156  -34.6355  22.498 ],0.729434,0.719649,0.482021,1.23734,[-0.977564  0.100041  0.185365],-0.19178451553868758,0.7603792242080001
321,,,,,,,1560,[  7.819  -45.026   22.0195],0.095262,1.81527,0.332383,-3.9,[-0.309154  -0.948956   0.0624944],-0.0676622717293702,0.9981209612996801
322,,,,,,,986,[  6.122 -43.724  21.852],0.126017,3.41234,0.0,-3.9,[-0.965059 -0.238371 -0.108816],0.10139137298998864,0.6088180499136
